"","OTU","Sample","Abundance","forwardBarcodeSequence","reverseBarcodeSequence","LibraryNumber","Direction","LibraryName","ProjectName","Region","BarcodeNo","CarbonSource","DNA_conc","Description","Rep_Sample","Acetate","Butyrate","Formate","Isobutyrate","Lactate","Propionate","Hydrogen_gas","Hydrogen_bottle","Rep","Timepoint","CopyNumber","SeqDepth","SampleID","Phylum","Class","Order","Family","Genus","Species","TimepointNum"
"15","Agathobacter rectalis","B4T48",8861294788.20939,"CATTGCCA","CATTGCCA",1,"p","NG-20110_2019_0016_lib334815_6442_2_1.fastq.gz,NG-20110_2019_0016_lib334815_6442_2_2.fastq.gz","DbMM-10","V5V6","GUT_784F_1064R - 22","FourC",53.569,"DbMM","B4_T48",25.13609867,19.81234677,2.687733094,0,6.393739668,4.093234207,2.318024137,6.456891746,"B4","T48",22161798608,36952,"B4T48","Firmicutes","Clostridia","Clostridiales","Eubacteriaceae","Agathobacter","Agathobacter_rectalis",48
"18","Agathobacter rectalis","B4T24",8618763958.14789,"CAACCTCT","CAACCTCT",1,"p","NG-20110_2019_0016_lib334815_6442_2_1.fastq.gz,NG-20110_2019_0016_lib334815_6442_2_2.fastq.gz","DbMM-10","V5V6","GUT_784F_1064R - 18","FourC",76.295,"DbMM","B4_T24",28.24835207,10.72363349,2.004343638,0,5.804676832,3.1597675,1.987097752,5.201826577,"B4","T24",22234098974,92562,"B4T24","Firmicutes","Clostridia","Clostridiales","Eubacteriaceae","Agathobacter","Agathobacter_rectalis",24
"21","Agathobacter rectalis","B4T72",6091477300.27623,"CCGTCTGC","CCGTCTGC",1,"p","NG-20110_2019_0016_lib334815_6442_2_1.fastq.gz,NG-20110_2019_0016_lib334815_6442_2_2.fastq.gz","DbMM-10","V5V6","GUT_784F_1064R - 26","FourC",91.097,"DbMM","B4_T72",22.27149208,27.11674702,2.883506539,0,0,5.951572063,3.018117767,8.982493355,"B4","T72",18441380330,12473,"B4T72","Firmicutes","Clostridia","Clostridiales","Eubacteriaceae","Agathobacter","Agathobacter_rectalis",72
"149","Faecalibacterium prausnitzii","B4T72",5826072105.18338,"CCGTCTGC","CCGTCTGC",1,"p","NG-20110_2019_0016_lib334815_6442_2_1.fastq.gz,NG-20110_2019_0016_lib334815_6442_2_2.fastq.gz","DbMM-10","V5V6","GUT_784F_1064R - 26","FourC",91.097,"DbMM","B4_T72",22.27149208,27.11674702,2.883506539,0,0,5.951572063,3.018117767,8.982493355,"B4","T72",18441380330,12473,"B4T72","Firmicutes","Clostridia","Clostridiales","Ruminococcaceae","Faecalibacterium","Faecalibacterium_prausnitzii",72
"105","Coprococcus catus","B4T24",4684017769.60447,"CAACCTCT","CAACCTCT",1,"p","NG-20110_2019_0016_lib334815_6442_2_1.fastq.gz,NG-20110_2019_0016_lib334815_6442_2_2.fastq.gz","DbMM-10","V5V6","GUT_784F_1064R - 18","FourC",76.295,"DbMM","B4_T24",28.24835207,10.72363349,2.004343638,0,5.804676832,3.1597675,1.987097752,5.201826577,"B4","T24",22234098974,92562,"B4T24","Firmicutes","Clostridia","Clostridiales","Lachnospiraceae","Coprococcus","Coprococcus_catus",24
"144","Faecalibacterium prausnitzii","B3T24",3865694622.86947,"ATGCGATT","ATGCGATT",1,"p","NG-20110_2019_0016_lib334815_6442_2_1.fastq.gz,NG-20110_2019_0016_lib334815_6442_2_2.fastq.gz","DbMM-10","V5V6","GUT_784F_1064R - 17","FourC",86.871,"DbMM","B3_T24",26.02415696,15.30651563,4.340806865,0,7.169377347,3.580023072,1.480225824,3.874936712,"B3","T24",16070672884,67539,"B3T24","Firmicutes","Clostridia","Clostridiales","Ruminococcaceae","Faecalibacterium","Faecalibacterium_prausnitzii",24
"88","Bacteroides xylanisolvens","B4T48",3844175226.96233,"CATTGCCA","CATTGCCA",1,"p","NG-20110_2019_0016_lib334815_6442_2_1.fastq.gz,NG-20110_2019_0016_lib334815_6442_2_2.fastq.gz","DbMM-10","V5V6","GUT_784F_1064R - 22","FourC",53.569,"DbMM","B4_T48",25.13609867,19.81234677,2.687733094,0,6.393739668,4.093234207,2.318024137,6.456891746,"B4","T48",22161798608,36952,"B4T48","Bacteroidetes","Bacteroidia","Bacteroidales","Bacteroidaceae","Bacteroides","Bacteroides_xylanisolvens",48
"7","Agathobacter rectalis","B3T24",3750109069.36175,"ATGCGATT","ATGCGATT",1,"p","NG-20110_2019_0016_lib334815_6442_2_1.fastq.gz,NG-20110_2019_0016_lib334815_6442_2_2.fastq.gz","DbMM-10","V5V6","GUT_784F_1064R - 17","FourC",86.871,"DbMM","B3_T24",26.02415696,15.30651563,4.340806865,0,7.169377347,3.580023072,1.480225824,3.874936712,"B3","T24",16070672884,67539,"B3T24","Firmicutes","Clostridia","Clostridiales","Eubacteriaceae","Agathobacter","Agathobacter_rectalis",24
"135","Faecalibacterium prausnitzii","B2T72",3682332817.61121,"CCATTATG","CCATTATG",1,"p","NG-20110_2019_0016_lib334815_6442_2_1.fastq.gz,NG-20110_2019_0016_lib334815_6442_2_2.fastq.gz","DbMM-10","V5V6","GUT_784F_1064R - 24","FourC",19.595,"DbMM","B2_T72",25.78571083,25.01975492,4.328292932,0,0,10.24123424,2.026290552,6.030626644,"B2","T72",12224488598,42151,"B2T72","Firmicutes","Clostridia","Clostridiales","Ruminococcaceae","Faecalibacterium","Faecalibacterium_prausnitzii",72
"133","Faecalibacterium prausnitzii","B2T24",3656791024.2807,"ATGCCGGA","ATGCCGGA",1,"p","NG-20110_2019_0016_lib334815_6442_2_1.fastq.gz,NG-20110_2019_0016_lib334815_6442_2_2.fastq.gz","DbMM-10","V5V6","GUT_784F_1064R - 16","FourC",95.378,"DbMM","B2_T24",26.27502349,16.77507458,3.428240583,0,3.470297759,4.665329817,1.756421093,4.597960977,"B2","T24",14888363456,11366,"B2T24","Firmicutes","Clostridia","Clostridiales","Ruminococcaceae","Faecalibacterium","Faecalibacterium_prausnitzii",24
"139","Faecalibacterium prausnitzii","B1T96",3648144489.0065,"CGCAAGCT","CGCAAGCT",1,"p","NG-20110_2019_0016_lib334815_6442_2_1.fastq.gz,NG-20110_2019_0016_lib334815_6442_2_2.fastq.gz","DbMM-10","V5V6","GUT_784F_1064R - 27","FourC",88.485,"DbMM","B1_T96",25.22395254,24.60750205,4.191868346,0,0,11.28024586,2.324445079,7.426342106,"B1","T96",11860751449,36628,"B1T96","Firmicutes","Clostridia","Clostridiales","Ruminococcaceae","Faecalibacterium","Faecalibacterium_prausnitzii",96
"22","Agathobacter rectalis","B4T96",3621861874.81253,"CTCAGCGC","CTCAGCGC",1,"p","NG-20110_2019_0016_lib334815_6442_2_1.fastq.gz,NG-20110_2019_0016_lib334815_6442_2_2.fastq.gz","DbMM-10","V5V6","GUT_784F_1064R - 30","FourC",101.384,"DbMM","B4_T96",21.87398843,28.57496357,2.994952443,0,0,8.780699827,2.993789653,9.564823173,"B4","T96",9842388239,78462,"B4T96","Firmicutes","Clostridia","Clostridiales","Eubacteriaceae","Agathobacter","Agathobacter_rectalis",96
"152","Faecalibacterium prausnitzii","B4T48",3587326102.66641,"CATTGCCA","CATTGCCA",1,"p","NG-20110_2019_0016_lib334815_6442_2_1.fastq.gz,NG-20110_2019_0016_lib334815_6442_2_2.fastq.gz","DbMM-10","V5V6","GUT_784F_1064R - 22","FourC",53.569,"DbMM","B4_T48",25.13609867,19.81234677,2.687733094,0,6.393739668,4.093234207,2.318024137,6.456891746,"B4","T48",22161798608,36952,"B4T48","Firmicutes","Clostridia","Clostridiales","Ruminococcaceae","Faecalibacterium","Faecalibacterium_prausnitzii",48
"114","Eubacterium siraeum","B2T72",3575288258.95972,"CCATTATG","CCATTATG",1,"p","NG-20110_2019_0016_lib334815_6442_2_1.fastq.gz,NG-20110_2019_0016_lib334815_6442_2_2.fastq.gz","DbMM-10","V5V6","GUT_784F_1064R - 24","FourC",19.595,"DbMM","B2_T72",25.78571083,25.01975492,4.328292932,0,0,10.24123424,2.026290552,6.030626644,"B2","T72",12224488598,42151,"B2T72","Firmicutes","Clostridia","Clostridiales","Eubacteriaceae","Eubacterium","Eubacterium_siraeum",72
"142","Faecalibacterium prausnitzii","B1T72",3553484144.30859,"CCATGCGC","CCATGCGC",1,"p","NG-20110_2019_0016_lib334815_6442_2_1.fastq.gz,NG-20110_2019_0016_lib334815_6442_2_2.fastq.gz","DbMM-10","V5V6","GUT_784F_1064R - 23","FourC",6.471,"DbMM","B1_T72",25.52257493,23.90605535,4.191490449,0,0,11.00289343,2.345469048,6.980562644,"B1","T72",11765029432,36449,"B1T72","Firmicutes","Clostridia","Clostridiales","Ruminococcaceae","Faecalibacterium","Faecalibacterium_prausnitzii",72
"77","Bacteroides xylanisolvens","B3T48",3502641112.88152,"CATGATGC","CATGATGC",1,"p","NG-20110_2019_0016_lib334815_6442_2_1.fastq.gz,NG-20110_2019_0016_lib334815_6442_2_2.fastq.gz","DbMM-10","V5V6","GUT_784F_1064R - 21","FourC",71.867,"DbMM","B3_T48",22.59040951,23.80062059,3.433571919,0,0,5.752565359,2.2148607,6.169528413,"B3","T48",13552395015,36233,"B3T48","Bacteroidetes","Bacteroidia","Bacteroidales","Bacteroidaceae","Bacteroides","Bacteroides_xylanisolvens",48
"14","Agathobacter rectalis","B3T72",3420528211.06862,"CCGTACTA","CCGTACTA",1,"p","NG-20110_2019_0016_lib334815_6442_2_1.fastq.gz,NG-20110_2019_0016_lib334815_6442_2_2.fastq.gz","DbMM-10","V5V6","GUT_784F_1064R - 25","FourC",7.626,"DbMM","B3_T72",22.07183761,27.73015988,3.612834152,0,0,8.268998671,2.365499698,7.040177674,"B3","T72",14474099977,16400,"B3T72","Firmicutes","Clostridia","Clostridiales","Eubacteriaceae","Agathobacter","Agathobacter_rectalis",72
"134","Faecalibacterium prausnitzii","B2T48",3374042197.29682,"CATAAGCG","CATAAGCG",1,"p","NG-20110_2019_0016_lib334815_6442_2_1.fastq.gz,NG-20110_2019_0016_lib334815_6442_2_2.fastq.gz","DbMM-10","V5V6","GUT_784F_1064R - 20","FourC",54.295,"DbMM","B2_T48",21.76055852,19.40504364,3.512249151,0,0,6.884226639,2.04235665,5.689015739,"B2","T48",11569368042,32158,"B2T48","Firmicutes","Clostridia","Clostridiales","Ruminococcaceae","Faecalibacterium","Faecalibacterium_prausnitzii",48
"98","Coprococcus catus","B1T24",3348015758.86022,"ATATCCGC","ATATCCGC",1,"p","NG-20110_2019_0016_lib334815_6442_2_1.fastq.gz,NG-20110_2019_0016_lib334815_6442_2_2.fastq.gz","DbMM-10","V5V6","GUT_784F_1064R - 15","FourC",92.958,"DbMM","B1_T24",27.06585287,16.61526127,4.701462225,0,4.902289542,4.336492395,1.816739597,4.755862819,"B1","T24",12343132267,60151,"B1T24","Firmicutes","Clostridia","Clostridiales","Lachnospiraceae","Coprococcus","Coprococcus_catus",24
"83","Bacteroides xylanisolvens","B3T72",3232163703.82579,"CCGTACTA","CCGTACTA",1,"p","NG-20110_2019_0016_lib334815_6442_2_1.fastq.gz,NG-20110_2019_0016_lib334815_6442_2_2.fastq.gz","DbMM-10","V5V6","GUT_784F_1064R - 25","FourC",7.626,"DbMM","B3_T72",22.07183761,27.73015988,3.612834152,0,0,8.268998671,2.365499698,7.040177674,"B3","T72",14474099977,16400,"B3T72","Bacteroidetes","Bacteroidia","Bacteroidales","Bacteroidaceae","Bacteroides","Bacteroides_xylanisolvens",72
"117","Eubacterium siraeum","B2T48",3194207460.89267,"CATAAGCG","CATAAGCG",1,"p","NG-20110_2019_0016_lib334815_6442_2_1.fastq.gz,NG-20110_2019_0016_lib334815_6442_2_2.fastq.gz","DbMM-10","V5V6","GUT_784F_1064R - 20","FourC",54.295,"DbMM","B2_T48",21.76055852,19.40504364,3.512249151,0,0,6.884226639,2.04235665,5.689015739,"B2","T48",11569368042,32158,"B2T48","Firmicutes","Clostridia","Clostridiales","Eubacteriaceae","Eubacterium","Eubacterium_siraeum",48
"80","Bacteroides xylanisolvens","B3T24",3163619408.9707,"ATGCGATT","ATGCGATT",1,"p","NG-20110_2019_0016_lib334815_6442_2_1.fastq.gz,NG-20110_2019_0016_lib334815_6442_2_2.fastq.gz","DbMM-10","V5V6","GUT_784F_1064R - 17","FourC",86.871,"DbMM","B3_T24",26.02415696,15.30651563,4.340806865,0,7.169377347,3.580023072,1.480225824,3.874936712,"B3","T24",16070672884,67539,"B3T24","Bacteroidetes","Bacteroidia","Bacteroidales","Bacteroidaceae","Bacteroides","Bacteroides_xylanisolvens",24
"91","Coprococcus catus","B2T24",3155802090.04084,"ATGCCGGA","ATGCCGGA",1,"p","NG-20110_2019_0016_lib334815_6442_2_1.fastq.gz,NG-20110_2019_0016_lib334815_6442_2_2.fastq.gz","DbMM-10","V5V6","GUT_784F_1064R - 16","FourC",95.378,"DbMM","B2_T24",26.27502349,16.77507458,3.428240583,0,3.470297759,4.665329817,1.756421093,4.597960977,"B2","T24",14888363456,11366,"B2T24","Firmicutes","Clostridia","Clostridiales","Lachnospiraceae","Coprococcus","Coprococcus_catus",24
"151","Faecalibacterium prausnitzii","B3T72",3069485265.75244,"CCGTACTA","CCGTACTA",1,"p","NG-20110_2019_0016_lib334815_6442_2_1.fastq.gz,NG-20110_2019_0016_lib334815_6442_2_2.fastq.gz","DbMM-10","V5V6","GUT_784F_1064R - 25","FourC",7.626,"DbMM","B3_T72",22.07183761,27.73015988,3.612834152,0,0,8.268998671,2.365499698,7.040177674,"B3","T72",14474099977,16400,"B3T72","Firmicutes","Clostridia","Clostridiales","Ruminococcaceae","Faecalibacterium","Faecalibacterium_prausnitzii",72
"145","Faecalibacterium prausnitzii","B1T48",3044296779.66175,"CAACGAGG","CAACGAGG",1,"p","NG-20110_2019_0016_lib334815_6442_2_1.fastq.gz,NG-20110_2019_0016_lib334815_6442_2_2.fastq.gz","DbMM-10","V5V6","GUT_784F_1064R - 19","FourC",113.547,"DbMM","B1_T48",25.9164472,21.16638018,4.060683936,0,0,9.330743519,2.215862838,6.172319884,"B1","T48",11898875880,68571,"B1T48","Firmicutes","Clostridia","Clostridiales","Ruminococcaceae","Faecalibacterium","Faecalibacterium_prausnitzii",48
"148","Faecalibacterium prausnitzii","B1T24",2919880751.33333,"ATATCCGC","ATATCCGC",1,"p","NG-20110_2019_0016_lib334815_6442_2_1.fastq.gz,NG-20110_2019_0016_lib334815_6442_2_2.fastq.gz","DbMM-10","V5V6","GUT_784F_1064R - 15","FourC",92.958,"DbMM","B1_T24",27.06585287,16.61526127,4.701462225,0,4.902289542,4.336492395,1.816739597,4.755862819,"B1","T24",12343132267,60151,"B1T24","Firmicutes","Clostridia","Clostridiales","Ruminococcaceae","Faecalibacterium","Faecalibacterium_prausnitzii",24
"112","Eubacterium siraeum","B1T72",2868475152.63464,"CCATGCGC","CCATGCGC",1,"p","NG-20110_2019_0016_lib334815_6442_2_1.fastq.gz,NG-20110_2019_0016_lib334815_6442_2_2.fastq.gz","DbMM-10","V5V6","GUT_784F_1064R - 23","FourC",6.471,"DbMM","B1_T72",25.52257493,23.90605535,4.191490449,0,0,11.00289343,2.345469048,6.980562644,"B1","T72",11765029432,36449,"B1T72","Firmicutes","Clostridia","Clostridiales","Eubacteriaceae","Eubacterium","Eubacterium_siraeum",72
"20","Agathobacter rectalis","B3T96",2846954100.70978,"CTAGGAGA","CTAGGAGA",1,"p","NG-20110_2019_0016_lib334815_6442_2_1.fastq.gz,NG-20110_2019_0016_lib334815_6442_2_2.fastq.gz","DbMM-10","V5V6","GUT_784F_1064R - 29","FourC",103.734,"DbMM","B3_T96",21.93345407,27.54389753,3.740875716,0,0,9.20549788,2.368855865,7.5682296,"B3","T96",9499836315,115261,"B3T96","Firmicutes","Clostridia","Clostridiales","Eubacteriaceae","Agathobacter","Agathobacter_rectalis",96
"141","Faecalibacterium prausnitzii","B3T48",2830373808.81991,"CATGATGC","CATGATGC",1,"p","NG-20110_2019_0016_lib334815_6442_2_1.fastq.gz,NG-20110_2019_0016_lib334815_6442_2_2.fastq.gz","DbMM-10","V5V6","GUT_784F_1064R - 21","FourC",71.867,"DbMM","B3_T48",22.59040951,23.80062059,3.433571919,0,0,5.752565359,2.2148607,6.169528413,"B3","T48",13552395015,36233,"B3T48","Firmicutes","Clostridia","Clostridiales","Ruminococcaceae","Faecalibacterium","Faecalibacterium_prausnitzii",48
"146","Faecalibacterium prausnitzii","B4T96",2812722519.80122,"CTCAGCGC","CTCAGCGC",1,"p","NG-20110_2019_0016_lib334815_6442_2_1.fastq.gz,NG-20110_2019_0016_lib334815_6442_2_2.fastq.gz","DbMM-10","V5V6","GUT_784F_1064R - 30","FourC",101.384,"DbMM","B4_T96",21.87398843,28.57496357,2.994952443,0,0,8.780699827,2.993789653,9.564823173,"B4","T96",9842388239,78462,"B4T96","Firmicutes","Clostridia","Clostridiales","Ruminococcaceae","Faecalibacterium","Faecalibacterium_prausnitzii",96
"116","Eubacterium siraeum","B2T24",2727606419.75036,"ATGCCGGA","ATGCCGGA",1,"p","NG-20110_2019_0016_lib334815_6442_2_1.fastq.gz,NG-20110_2019_0016_lib334815_6442_2_2.fastq.gz","DbMM-10","V5V6","GUT_784F_1064R - 16","FourC",95.378,"DbMM","B2_T24",26.27502349,16.77507458,3.428240583,0,3.470297759,4.665329817,1.756421093,4.597960977,"B2","T24",14888363456,11366,"B2T24","Firmicutes","Clostridia","Clostridiales","Eubacteriaceae","Eubacterium","Eubacterium_siraeum",24
"115","Eubacterium siraeum","B1T48",2688914736.46635,"CAACGAGG","CAACGAGG",1,"p","NG-20110_2019_0016_lib334815_6442_2_1.fastq.gz,NG-20110_2019_0016_lib334815_6442_2_2.fastq.gz","DbMM-10","V5V6","GUT_784F_1064R - 19","FourC",113.547,"DbMM","B1_T48",25.9164472,21.16638018,4.060683936,0,0,9.330743519,2.215862838,6.172319884,"B1","T48",11898875880,68571,"B1T48","Firmicutes","Clostridia","Clostridiales","Eubacteriaceae","Eubacterium","Eubacterium_siraeum",48
"137","Faecalibacterium prausnitzii","B2T96",2655134503.20038,"CGGAAGAG","CGGAAGAG",1,"p","NG-20110_2019_0016_lib334815_6442_2_1.fastq.gz,NG-20110_2019_0016_lib334815_6442_2_2.fastq.gz","DbMM-10","V5V6","GUT_784F_1064R - 28","FourC",93.987,"DbMM","B2_T96",25.24388551,25.16666207,4.225019225,0,0,10.65006013,2.144100952,6.850162785,"B2","T96",9125954236,38230,"B2T96","Firmicutes","Clostridia","Clostridiales","Ruminococcaceae","Faecalibacterium","Faecalibacterium_prausnitzii",96
"4","Agathobacter rectalis","B3T48",2582020282.47867,"CATGATGC","CATGATGC",1,"p","NG-20110_2019_0016_lib334815_6442_2_1.fastq.gz,NG-20110_2019_0016_lib334815_6442_2_2.fastq.gz","DbMM-10","V5V6","GUT_784F_1064R - 21","FourC",71.867,"DbMM","B3_T48",22.59040951,23.80062059,3.433571919,0,0,5.752565359,2.2148607,6.169528413,"B3","T48",13552395015,36233,"B3T48","Firmicutes","Clostridia","Clostridiales","Eubacteriaceae","Agathobacter","Agathobacter_rectalis",48
"113","Eubacterium siraeum","B1T96",2462069344.1065,"CGCAAGCT","CGCAAGCT",1,"p","NG-20110_2019_0016_lib334815_6442_2_1.fastq.gz,NG-20110_2019_0016_lib334815_6442_2_2.fastq.gz","DbMM-10","V5V6","GUT_784F_1064R - 27","FourC",88.485,"DbMM","B1_T96",25.22395254,24.60750205,4.191868346,0,0,11.28024586,2.324445079,7.426342106,"B1","T96",11860751449,36628,"B1T96","Firmicutes","Clostridia","Clostridiales","Eubacteriaceae","Eubacterium","Eubacterium_siraeum",96
"61","Bacteroides ovatus","B4T48",2221744925.15975,"CATTGCCA","CATTGCCA",1,"p","NG-20110_2019_0016_lib334815_6442_2_1.fastq.gz,NG-20110_2019_0016_lib334815_6442_2_2.fastq.gz","DbMM-10","V5V6","GUT_784F_1064R - 22","FourC",53.569,"DbMM","B4_T48",25.13609867,19.81234677,2.687733094,0,6.393739668,4.093234207,2.318024137,6.456891746,"B4","T48",22161798608,36952,"B4T48","Bacteroidetes","Bacteroidia","Bacteroidales","Bacteroidaceae","Bacteroides","Bacteroides_ovatus",48
"87","Bacteroides xylanisolvens","B4T24",2200717672.37358,"CAACCTCT","CAACCTCT",1,"p","NG-20110_2019_0016_lib334815_6442_2_1.fastq.gz,NG-20110_2019_0016_lib334815_6442_2_2.fastq.gz","DbMM-10","V5V6","GUT_784F_1064R - 18","FourC",76.295,"DbMM","B4_T24",28.24835207,10.72363349,2.004343638,0,5.804676832,3.1597675,1.987097752,5.201826577,"B4","T24",22234098974,92562,"B4T24","Bacteroidetes","Bacteroidia","Bacteroidales","Bacteroidaceae","Bacteroides","Bacteroides_xylanisolvens",24
"81","Bacteroides xylanisolvens","B1T48",1986714072.80317,"CAACGAGG","CAACGAGG",1,"p","NG-20110_2019_0016_lib334815_6442_2_1.fastq.gz,NG-20110_2019_0016_lib334815_6442_2_2.fastq.gz","DbMM-10","V5V6","GUT_784F_1064R - 19","FourC",113.547,"DbMM","B1_T48",25.9164472,21.16638018,4.060683936,0,0,9.330743519,2.215862838,6.172319884,"B1","T48",11898875880,68571,"B1T48","Bacteroidetes","Bacteroidia","Bacteroidales","Bacteroidaceae","Bacteroides","Bacteroides_xylanisolvens",48
"85","Bacteroides xylanisolvens","B4T72",1969135318.43083,"CCGTCTGC","CCGTCTGC",1,"p","NG-20110_2019_0016_lib334815_6442_2_1.fastq.gz,NG-20110_2019_0016_lib334815_6442_2_2.fastq.gz","DbMM-10","V5V6","GUT_784F_1064R - 26","FourC",91.097,"DbMM","B4_T72",22.27149208,27.11674702,2.883506539,0,0,5.951572063,3.018117767,8.982493355,"B4","T72",18441380330,12473,"B4T72","Bacteroidetes","Bacteroidia","Bacteroidales","Bacteroidaceae","Bacteroides","Bacteroides_xylanisolvens",72
"50","Bacteroides ovatus","B3T48",1926880807.81991,"CATGATGC","CATGATGC",1,"p","NG-20110_2019_0016_lib334815_6442_2_1.fastq.gz,NG-20110_2019_0016_lib334815_6442_2_2.fastq.gz","DbMM-10","V5V6","GUT_784F_1064R - 21","FourC",71.867,"DbMM","B3_T48",22.59040951,23.80062059,3.433571919,0,0,5.752565359,2.2148607,6.169528413,"B3","T48",13552395015,36233,"B3T48","Bacteroidetes","Bacteroidia","Bacteroidales","Bacteroidaceae","Bacteroides","Bacteroides_ovatus",48
"60","Bacteroides ovatus","B3T72",1905050130.06951,"CCGTACTA","CCGTACTA",1,"p","NG-20110_2019_0016_lib334815_6442_2_1.fastq.gz,NG-20110_2019_0016_lib334815_6442_2_2.fastq.gz","DbMM-10","V5V6","GUT_784F_1064R - 25","FourC",7.626,"DbMM","B3_T72",22.07183761,27.73015988,3.612834152,0,0,8.268998671,2.365499698,7.040177674,"B3","T72",14474099977,16400,"B3T72","Bacteroidetes","Bacteroidia","Bacteroidales","Bacteroidaceae","Bacteroides","Bacteroides_ovatus",72
"2","Agathobacter rectalis","B1T96",1896863859.89422,"CGCAAGCT","CGCAAGCT",1,"p","NG-20110_2019_0016_lib334815_6442_2_1.fastq.gz,NG-20110_2019_0016_lib334815_6442_2_2.fastq.gz","DbMM-10","V5V6","GUT_784F_1064R - 27","FourC",88.485,"DbMM","B1_T96",25.22395254,24.60750205,4.191868346,0,0,11.28024586,2.324445079,7.426342106,"B1","T96",11860751449,36628,"B1T96","Firmicutes","Clostridia","Clostridiales","Eubacteriaceae","Agathobacter","Agathobacter_rectalis",96
"120","Eubacterium siraeum","B2T96",1875724052.26091,"CGGAAGAG","CGGAAGAG",1,"p","NG-20110_2019_0016_lib334815_6442_2_1.fastq.gz,NG-20110_2019_0016_lib334815_6442_2_2.fastq.gz","DbMM-10","V5V6","GUT_784F_1064R - 28","FourC",93.987,"DbMM","B2_T96",25.24388551,25.16666207,4.225019225,0,0,10.65006013,2.144100952,6.850162785,"B2","T96",9125954236,38230,"B2T96","Firmicutes","Clostridia","Clostridiales","Eubacteriaceae","Eubacterium","Eubacterium_siraeum",96
"118","Eubacterium siraeum","B1T24",1836699182.29032,"ATATCCGC","ATATCCGC",1,"p","NG-20110_2019_0016_lib334815_6442_2_1.fastq.gz,NG-20110_2019_0016_lib334815_6442_2_2.fastq.gz","DbMM-10","V5V6","GUT_784F_1064R - 15","FourC",92.958,"DbMM","B1_T24",27.06585287,16.61526127,4.701462225,0,4.902289542,4.336492395,1.816739597,4.755862819,"B1","T24",12343132267,60151,"B1T24","Firmicutes","Clostridia","Clostridiales","Eubacteriaceae","Eubacterium","Eubacterium_siraeum",24
"84","Bacteroides xylanisolvens","B3T96",1828044212.0347,"CTAGGAGA","CTAGGAGA",1,"p","NG-20110_2019_0016_lib334815_6442_2_1.fastq.gz,NG-20110_2019_0016_lib334815_6442_2_2.fastq.gz","DbMM-10","V5V6","GUT_784F_1064R - 29","FourC",103.734,"DbMM","B3_T96",21.93345407,27.54389753,3.740875716,0,0,9.20549788,2.368855865,7.5682296,"B3","T96",9499836315,115261,"B3T96","Bacteroidetes","Bacteroidia","Bacteroidales","Bacteroidaceae","Bacteroides","Bacteroides_xylanisolvens",96
"53","Bacteroides ovatus","B3T24",1755188034.74694,"ATGCGATT","ATGCGATT",1,"p","NG-20110_2019_0016_lib334815_6442_2_1.fastq.gz,NG-20110_2019_0016_lib334815_6442_2_2.fastq.gz","DbMM-10","V5V6","GUT_784F_1064R - 17","FourC",86.871,"DbMM","B3_T24",26.02415696,15.30651563,4.340806865,0,7.169377347,3.580023072,1.480225824,3.874936712,"B3","T24",16070672884,67539,"B3T24","Bacteroidetes","Bacteroidia","Bacteroidales","Bacteroidaceae","Bacteroides","Bacteroides_ovatus",24
"3","Agathobacter rectalis","B2T72",1708431156.07776,"CCATTATG","CCATTATG",1,"p","NG-20110_2019_0016_lib334815_6442_2_1.fastq.gz,NG-20110_2019_0016_lib334815_6442_2_2.fastq.gz","DbMM-10","V5V6","GUT_784F_1064R - 24","FourC",19.595,"DbMM","B2_T72",25.78571083,25.01975492,4.328292932,0,0,10.24123424,2.026290552,6.030626644,"B2","T72",12224488598,42151,"B2T72","Firmicutes","Clostridia","Clostridiales","Eubacteriaceae","Agathobacter","Agathobacter_rectalis",72
"78","Bacteroides xylanisolvens","B1T72",1708241172.9869,"CCATGCGC","CCATGCGC",1,"p","NG-20110_2019_0016_lib334815_6442_2_1.fastq.gz,NG-20110_2019_0016_lib334815_6442_2_2.fastq.gz","DbMM-10","V5V6","GUT_784F_1064R - 23","FourC",6.471,"DbMM","B1_T72",25.52257493,23.90605535,4.191490449,0,0,11.00289343,2.345469048,6.980562644,"B1","T72",11765029432,36449,"B1T72","Bacteroidetes","Bacteroidia","Bacteroidales","Bacteroidaceae","Bacteroides","Bacteroides_xylanisolvens",72
"174","Flavonifractor plautii","B4T48",1699485039.09137,"CATTGCCA","CATTGCCA",1,"p","NG-20110_2019_0016_lib334815_6442_2_1.fastq.gz,NG-20110_2019_0016_lib334815_6442_2_2.fastq.gz","DbMM-10","V5V6","GUT_784F_1064R - 22","FourC",53.569,"DbMM","B4_T48",25.13609867,19.81234677,2.687733094,0,6.393739668,4.093234207,2.318024137,6.456891746,"B4","T48",22161798608,36952,"B4T48","Firmicutes","Clostridia","Clostridiales","Lachnospiraceae","Flavonifractor","Lachnospiraceae_bacterium 7_1_58FAA",48
"175","Flavonifractor plautii","B4T72",1699449394.38487,"CCGTCTGC","CCGTCTGC",1,"p","NG-20110_2019_0016_lib334815_6442_2_1.fastq.gz,NG-20110_2019_0016_lib334815_6442_2_2.fastq.gz","DbMM-10","V5V6","GUT_784F_1064R - 26","FourC",91.097,"DbMM","B4_T72",22.27149208,27.11674702,2.883506539,0,0,5.951572063,3.018117767,8.982493355,"B4","T72",18441380330,12473,"B4T72","Firmicutes","Clostridia","Clostridiales","Lachnospiraceae","Flavonifractor","Lachnospiraceae_bacterium 7_1_58FAA",72
"153","Faecalibacterium prausnitzii","B3T96",1691047924.48175,"CTAGGAGA","CTAGGAGA",1,"p","NG-20110_2019_0016_lib334815_6442_2_1.fastq.gz,NG-20110_2019_0016_lib334815_6442_2_2.fastq.gz","DbMM-10","V5V6","GUT_784F_1064R - 29","FourC",103.734,"DbMM","B3_T96",21.93345407,27.54389753,3.740875716,0,0,9.20549788,2.368855865,7.5682296,"B3","T96",9499836315,115261,"B3T96","Firmicutes","Clostridia","Clostridiales","Ruminococcaceae","Faecalibacterium","Faecalibacterium_prausnitzii",96
"197","Roseburia intestinalis","B4T24",1674086789.68496,"CAACCTCT","CAACCTCT",1,"p","NG-20110_2019_0016_lib334815_6442_2_1.fastq.gz,NG-20110_2019_0016_lib334815_6442_2_2.fastq.gz","DbMM-10","V5V6","GUT_784F_1064R - 18","FourC",76.295,"DbMM","B4_T24",28.24835207,10.72363349,2.004343638,0,5.804676832,3.1597675,1.987097752,5.201826577,"B4","T24",22234098974,92562,"B4T24","Firmicutes","Clostridia","Clostridiales","Lachnospiraceae","Roseburia","Roseburia_intestinalis",24
"69","Bacteroides xylanisolvens","B2T24",1648553330.61835,"ATGCCGGA","ATGCCGGA",1,"p","NG-20110_2019_0016_lib334815_6442_2_1.fastq.gz,NG-20110_2019_0016_lib334815_6442_2_2.fastq.gz","DbMM-10","V5V6","GUT_784F_1064R - 16","FourC",95.378,"DbMM","B2_T24",26.27502349,16.77507458,3.428240583,0,3.470297759,4.665329817,1.756421093,4.597960977,"B2","T24",14888363456,11366,"B2T24","Bacteroidetes","Bacteroidia","Bacteroidales","Bacteroidaceae","Bacteroides","Bacteroides_xylanisolvens",24
"154","Faecalibacterium prausnitzii","B4T24",1575611096.17408,"CAACCTCT","CAACCTCT",1,"p","NG-20110_2019_0016_lib334815_6442_2_1.fastq.gz,NG-20110_2019_0016_lib334815_6442_2_2.fastq.gz","DbMM-10","V5V6","GUT_784F_1064R - 18","FourC",76.295,"DbMM","B4_T24",28.24835207,10.72363349,2.004343638,0,5.804676832,3.1597675,1.987097752,5.201826577,"B4","T24",22234098974,92562,"B4T24","Firmicutes","Clostridia","Clostridiales","Ruminococcaceae","Faecalibacterium","Faecalibacterium_prausnitzii",24
"73","Bacteroides xylanisolvens","B2T96",1520278626.83247,"CGGAAGAG","CGGAAGAG",1,"p","NG-20110_2019_0016_lib334815_6442_2_1.fastq.gz,NG-20110_2019_0016_lib334815_6442_2_2.fastq.gz","DbMM-10","V5V6","GUT_784F_1064R - 28","FourC",93.987,"DbMM","B2_T96",25.24388551,25.16666207,4.225019225,0,0,10.65006013,2.144100952,6.850162785,"B2","T96",9125954236,38230,"B2T96","Bacteroidetes","Bacteroidia","Bacteroidales","Bacteroidaceae","Bacteroides","Bacteroides_xylanisolvens",96
"67","Bacteroides xylanisolvens","B2T48",1520031700.55885,"CATAAGCG","CATAAGCG",1,"p","NG-20110_2019_0016_lib334815_6442_2_1.fastq.gz,NG-20110_2019_0016_lib334815_6442_2_2.fastq.gz","DbMM-10","V5V6","GUT_784F_1064R - 20","FourC",54.295,"DbMM","B2_T48",21.76055852,19.40504364,3.512249151,0,0,6.884226639,2.04235665,5.689015739,"B2","T48",11569368042,32158,"B2T48","Bacteroidetes","Bacteroidia","Bacteroidales","Bacteroidaceae","Bacteroides","Bacteroides_xylanisolvens",48
"5","Agathobacter rectalis","B1T72",1494175863.08879,"CCATGCGC","CCATGCGC",1,"p","NG-20110_2019_0016_lib334815_6442_2_1.fastq.gz,NG-20110_2019_0016_lib334815_6442_2_2.fastq.gz","DbMM-10","V5V6","GUT_784F_1064R - 23","FourC",6.471,"DbMM","B1_T72",25.52257493,23.90605535,4.191490449,0,0,11.00289343,2.345469048,6.980562644,"B1","T72",11765029432,36449,"B1T72","Firmicutes","Clostridia","Clostridiales","Eubacteriaceae","Agathobacter","Agathobacter_rectalis",72
"68","Bacteroides xylanisolvens","B2T72",1408706391.85359,"CCATTATG","CCATTATG",1,"p","NG-20110_2019_0016_lib334815_6442_2_1.fastq.gz,NG-20110_2019_0016_lib334815_6442_2_2.fastq.gz","DbMM-10","V5V6","GUT_784F_1064R - 24","FourC",19.595,"DbMM","B2_T72",25.78571083,25.01975492,4.328292932,0,0,10.24123424,2.026290552,6.030626644,"B2","T72",12224488598,42151,"B2T72","Bacteroidetes","Bacteroidia","Bacteroidales","Bacteroidaceae","Bacteroides","Bacteroides_xylanisolvens",72
"8","Agathobacter rectalis","B1T48",1382992770.50738,"CAACGAGG","CAACGAGG",1,"p","NG-20110_2019_0016_lib334815_6442_2_1.fastq.gz,NG-20110_2019_0016_lib334815_6442_2_2.fastq.gz","DbMM-10","V5V6","GUT_784F_1064R - 19","FourC",113.547,"DbMM","B1_T48",25.9164472,21.16638018,4.060683936,0,0,9.330743519,2.215862838,6.172319884,"B1","T48",11898875880,68571,"B1T48","Firmicutes","Clostridia","Clostridiales","Eubacteriaceae","Agathobacter","Agathobacter_rectalis",48
"75","Bacteroides xylanisolvens","B1T96",1335940235.41083,"CGCAAGCT","CGCAAGCT",1,"p","NG-20110_2019_0016_lib334815_6442_2_1.fastq.gz,NG-20110_2019_0016_lib334815_6442_2_2.fastq.gz","DbMM-10","V5V6","GUT_784F_1064R - 27","FourC",88.485,"DbMM","B1_T96",25.22395254,24.60750205,4.191868346,0,0,11.28024586,2.324445079,7.426342106,"B1","T96",11860751449,36628,"B1T96","Bacteroidetes","Bacteroidia","Bacteroidales","Bacteroidaceae","Bacteroides","Bacteroides_xylanisolvens",96
"173","Flavonifractor plautii","B3T72",1314270539.17155,"CCGTACTA","CCGTACTA",1,"p","NG-20110_2019_0016_lib334815_6442_2_1.fastq.gz,NG-20110_2019_0016_lib334815_6442_2_2.fastq.gz","DbMM-10","V5V6","GUT_784F_1064R - 25","FourC",7.626,"DbMM","B3_T72",22.07183761,27.73015988,3.612834152,0,0,8.268998671,2.365499698,7.040177674,"B3","T72",14474099977,16400,"B3T72","Firmicutes","Clostridia","Clostridiales","Lachnospiraceae","Flavonifractor","Lachnospiraceae_bacterium 7_1_58FAA",72
"64","Bacteroides ovatus","B4T24",1288747119.425,"CAACCTCT","CAACCTCT",1,"p","NG-20110_2019_0016_lib334815_6442_2_1.fastq.gz,NG-20110_2019_0016_lib334815_6442_2_2.fastq.gz","DbMM-10","V5V6","GUT_784F_1064R - 18","FourC",76.295,"DbMM","B4_T24",28.24835207,10.72363349,2.004343638,0,5.804676832,3.1597675,1.987097752,5.201826577,"B4","T24",22234098974,92562,"B4T24","Bacteroidetes","Bacteroidia","Bacteroidales","Bacteroidaceae","Bacteroides","Bacteroides_ovatus",24
"176","Flavonifractor plautii","B4T24",1284465567.53322,"CAACCTCT","CAACCTCT",1,"p","NG-20110_2019_0016_lib334815_6442_2_1.fastq.gz,NG-20110_2019_0016_lib334815_6442_2_2.fastq.gz","DbMM-10","V5V6","GUT_784F_1064R - 18","FourC",76.295,"DbMM","B4_T24",28.24835207,10.72363349,2.004343638,0,5.804676832,3.1597675,1.987097752,5.201826577,"B4","T24",22234098974,92562,"B4T24","Firmicutes","Clostridia","Clostridiales","Lachnospiraceae","Flavonifractor","Lachnospiraceae_bacterium 7_1_58FAA",24
"13","Agathobacter rectalis","B2T96",1271895076.53308,"CGGAAGAG","CGGAAGAG",1,"p","NG-20110_2019_0016_lib334815_6442_2_1.fastq.gz,NG-20110_2019_0016_lib334815_6442_2_2.fastq.gz","DbMM-10","V5V6","GUT_784F_1064R - 28","FourC",93.987,"DbMM","B2_T96",25.24388551,25.16666207,4.225019225,0,0,10.65006013,2.144100952,6.850162785,"B2","T96",9125954236,38230,"B2T96","Firmicutes","Clostridia","Clostridiales","Eubacteriaceae","Agathobacter","Agathobacter_rectalis",96
"58","Bacteroides ovatus","B4T72",1254253583.26137,"CCGTCTGC","CCGTCTGC",1,"p","NG-20110_2019_0016_lib334815_6442_2_1.fastq.gz,NG-20110_2019_0016_lib334815_6442_2_2.fastq.gz","DbMM-10","V5V6","GUT_784F_1064R - 26","FourC",91.097,"DbMM","B4_T72",22.27149208,27.11674702,2.883506539,0,0,5.951572063,3.018117767,8.982493355,"B4","T72",18441380330,12473,"B4T72","Bacteroidetes","Bacteroidia","Bacteroidales","Bacteroidaceae","Bacteroides","Bacteroides_ovatus",72
"178","Roseburia intestinalis","B1T24",1233028821.67742,"ATATCCGC","ATATCCGC",1,"p","NG-20110_2019_0016_lib334815_6442_2_1.fastq.gz,NG-20110_2019_0016_lib334815_6442_2_2.fastq.gz","DbMM-10","V5V6","GUT_784F_1064R - 15","FourC",92.958,"DbMM","B1_T24",27.06585287,16.61526127,4.701462225,0,4.902289542,4.336492395,1.816739597,4.755862819,"B1","T24",12343132267,60151,"B1T24","Firmicutes","Clostridia","Clostridiales","Lachnospiraceae","Roseburia","Roseburia_intestinalis",24
"172","Flavonifractor plautii","B4T96",1185881488.56155,"CTCAGCGC","CTCAGCGC",1,"p","NG-20110_2019_0016_lib334815_6442_2_1.fastq.gz,NG-20110_2019_0016_lib334815_6442_2_2.fastq.gz","DbMM-10","V5V6","GUT_784F_1064R - 30","FourC",101.384,"DbMM","B4_T96",21.87398843,28.57496357,2.994952443,0,0,8.780699827,2.993789653,9.564823173,"B4","T96",9842388239,78462,"B4T96","Firmicutes","Clostridia","Clostridiales","Lachnospiraceae","Flavonifractor","Lachnospiraceae_bacterium 7_1_58FAA",96
"6","Agathobacter rectalis","B2T48",1177489345.50333,"CATAAGCG","CATAAGCG",1,"p","NG-20110_2019_0016_lib334815_6442_2_1.fastq.gz,NG-20110_2019_0016_lib334815_6442_2_2.fastq.gz","DbMM-10","V5V6","GUT_784F_1064R - 20","FourC",54.295,"DbMM","B2_T48",21.76055852,19.40504364,3.512249151,0,0,6.884226639,2.04235665,5.689015739,"B2","T48",11569368042,32158,"B2T48","Firmicutes","Clostridia","Clostridiales","Eubacteriaceae","Agathobacter","Agathobacter_rectalis",48
"107","Coprococcus catus","B3T24",1177260267.20831,"ATGCGATT","ATGCGATT",1,"p","NG-20110_2019_0016_lib334815_6442_2_1.fastq.gz,NG-20110_2019_0016_lib334815_6442_2_2.fastq.gz","DbMM-10","V5V6","GUT_784F_1064R - 17","FourC",86.871,"DbMM","B3_T24",26.02415696,15.30651563,4.340806865,0,7.169377347,3.580023072,1.480225824,3.874936712,"B3","T24",16070672884,67539,"B3T24","Firmicutes","Clostridia","Clostridiales","Lachnospiraceae","Coprococcus","Coprococcus_catus",24
"180","Roseburia intestinalis","B2T24",1173256136.59592,"ATGCCGGA","ATGCCGGA",1,"p","NG-20110_2019_0016_lib334815_6442_2_1.fastq.gz,NG-20110_2019_0016_lib334815_6442_2_2.fastq.gz","DbMM-10","V5V6","GUT_784F_1064R - 16","FourC",95.378,"DbMM","B2_T24",26.27502349,16.77507458,3.428240583,0,3.470297759,4.665329817,1.756421093,4.597960977,"B2","T24",14888363456,11366,"B2T24","Firmicutes","Clostridia","Clostridiales","Lachnospiraceae","Roseburia","Roseburia_intestinalis",24
"124","Eubacterium siraeum","B3T48",1130436740.58768,"CATGATGC","CATGATGC",1,"p","NG-20110_2019_0016_lib334815_6442_2_1.fastq.gz,NG-20110_2019_0016_lib334815_6442_2_2.fastq.gz","DbMM-10","V5V6","GUT_784F_1064R - 21","FourC",71.867,"DbMM","B3_T48",22.59040951,23.80062059,3.433571919,0,0,5.752565359,2.2148607,6.169528413,"B3","T48",13552395015,36233,"B3T48","Firmicutes","Clostridia","Clostridiales","Eubacteriaceae","Eubacterium","Eubacterium_siraeum",48
"170","Flavonifractor plautii","B3T96",1113094836.36773,"CTAGGAGA","CTAGGAGA",1,"p","NG-20110_2019_0016_lib334815_6442_2_1.fastq.gz,NG-20110_2019_0016_lib334815_6442_2_2.fastq.gz","DbMM-10","V5V6","GUT_784F_1064R - 29","FourC",103.734,"DbMM","B3_T96",21.93345407,27.54389753,3.740875716,0,0,9.20549788,2.368855865,7.5682296,"B3","T96",9499836315,115261,"B3T96","Firmicutes","Clostridia","Clostridiales","Lachnospiraceae","Flavonifractor","Lachnospiraceae_bacterium 7_1_58FAA",96
"165","Flavonifractor plautii","B1T96",1096156090.5935,"CGCAAGCT","CGCAAGCT",1,"p","NG-20110_2019_0016_lib334815_6442_2_1.fastq.gz,NG-20110_2019_0016_lib334815_6442_2_2.fastq.gz","DbMM-10","V5V6","GUT_784F_1064R - 27","FourC",88.485,"DbMM","B1_T96",25.22395254,24.60750205,4.191868346,0,0,11.28024586,2.324445079,7.426342106,"B1","T96",11860751449,36628,"B1T96","Firmicutes","Clostridia","Clostridiales","Lachnospiraceae","Flavonifractor","Lachnospiraceae_bacterium 7_1_58FAA",96
"9","Agathobacter rectalis","B2T24",1091898959.24072,"ATGCCGGA","ATGCCGGA",1,"p","NG-20110_2019_0016_lib334815_6442_2_1.fastq.gz,NG-20110_2019_0016_lib334815_6442_2_2.fastq.gz","DbMM-10","V5V6","GUT_784F_1064R - 16","FourC",95.378,"DbMM","B2_T24",26.27502349,16.77507458,3.428240583,0,3.470297759,4.665329817,1.756421093,4.597960977,"B2","T24",14888363456,11366,"B2T24","Firmicutes","Clostridia","Clostridiales","Eubacteriaceae","Agathobacter","Agathobacter_rectalis",24
"54","Bacteroides ovatus","B1T48",1078991263.67758,"CAACGAGG","CAACGAGG",1,"p","NG-20110_2019_0016_lib334815_6442_2_1.fastq.gz,NG-20110_2019_0016_lib334815_6442_2_2.fastq.gz","DbMM-10","V5V6","GUT_784F_1064R - 19","FourC",113.547,"DbMM","B1_T48",25.9164472,21.16638018,4.060683936,0,0,9.330743519,2.215862838,6.172319884,"B1","T48",11898875880,68571,"B1T48","Bacteroidetes","Bacteroidia","Bacteroidales","Bacteroidaceae","Bacteroides","Bacteroides_ovatus",48
"11","Agathobacter rectalis","B1T24",1078900218.96774,"ATATCCGC","ATATCCGC",1,"p","NG-20110_2019_0016_lib334815_6442_2_1.fastq.gz,NG-20110_2019_0016_lib334815_6442_2_2.fastq.gz","DbMM-10","V5V6","GUT_784F_1064R - 15","FourC",92.958,"DbMM","B1_T24",27.06585287,16.61526127,4.701462225,0,4.902289542,4.336492395,1.816739597,4.755862819,"B1","T24",12343132267,60151,"B1T24","Firmicutes","Clostridia","Clostridiales","Eubacteriaceae","Agathobacter","Agathobacter_rectalis",24
"71","Bacteroides xylanisolvens","B1T24",1044649418.36559,"ATATCCGC","ATATCCGC",1,"p","NG-20110_2019_0016_lib334815_6442_2_1.fastq.gz,NG-20110_2019_0016_lib334815_6442_2_2.fastq.gz","DbMM-10","V5V6","GUT_784F_1064R - 15","FourC",92.958,"DbMM","B1_T24",27.06585287,16.61526127,4.701462225,0,4.902289542,4.336492395,1.816739597,4.755862819,"B1","T24",12343132267,60151,"B1T24","Bacteroidetes","Bacteroidia","Bacteroidales","Bacteroidaceae","Bacteroides","Bacteroides_xylanisolvens",24
"57","Bacteroides ovatus","B3T96",997504218.74493,"CTAGGAGA","CTAGGAGA",1,"p","NG-20110_2019_0016_lib334815_6442_2_1.fastq.gz,NG-20110_2019_0016_lib334815_6442_2_2.fastq.gz","DbMM-10","V5V6","GUT_784F_1064R - 29","FourC",103.734,"DbMM","B3_T96",21.93345407,27.54389753,3.740875716,0,0,9.20549788,2.368855865,7.5682296,"B3","T96",9499836315,115261,"B3T96","Bacteroidetes","Bacteroidia","Bacteroidales","Bacteroidaceae","Bacteroides","Bacteroides_ovatus",96
"127","Eubacterium siraeum","B3T24",984617678.028769,"ATGCGATT","ATGCGATT",1,"p","NG-20110_2019_0016_lib334815_6442_2_1.fastq.gz,NG-20110_2019_0016_lib334815_6442_2_2.fastq.gz","DbMM-10","V5V6","GUT_784F_1064R - 17","FourC",86.871,"DbMM","B3_T24",26.02415696,15.30651563,4.340806865,0,7.169377347,3.580023072,1.480225824,3.874936712,"B3","T24",16070672884,67539,"B3T24","Firmicutes","Clostridia","Clostridiales","Eubacteriaceae","Eubacterium","Eubacterium_siraeum",24
"122","Eubacterium siraeum","B4T48",980307491.062778,"CATTGCCA","CATTGCCA",1,"p","NG-20110_2019_0016_lib334815_6442_2_1.fastq.gz,NG-20110_2019_0016_lib334815_6442_2_2.fastq.gz","DbMM-10","V5V6","GUT_784F_1064R - 22","FourC",53.569,"DbMM","B4_T48",25.13609867,19.81234677,2.687733094,0,6.393739668,4.093234207,2.318024137,6.456891746,"B4","T48",22161798608,36952,"B4T48","Firmicutes","Clostridia","Clostridiales","Eubacteriaceae","Eubacterium","Eubacterium_siraeum",48
"55","Bacteroides ovatus","B2T24",959158301.450676,"ATGCCGGA","ATGCCGGA",1,"p","NG-20110_2019_0016_lib334815_6442_2_1.fastq.gz,NG-20110_2019_0016_lib334815_6442_2_2.fastq.gz","DbMM-10","V5V6","GUT_784F_1064R - 16","FourC",95.378,"DbMM","B2_T24",26.27502349,16.77507458,3.428240583,0,3.470297759,4.665329817,1.756421093,4.597960977,"B2","T24",14888363456,11366,"B2T24","Bacteroidetes","Bacteroidia","Bacteroidales","Bacteroidaceae","Bacteroides","Bacteroides_ovatus",24
"52","Bacteroides ovatus","B2T48",912019020.335307,"CATAAGCG","CATAAGCG",1,"p","NG-20110_2019_0016_lib334815_6442_2_1.fastq.gz,NG-20110_2019_0016_lib334815_6442_2_2.fastq.gz","DbMM-10","V5V6","GUT_784F_1064R - 20","FourC",54.295,"DbMM","B2_T48",21.76055852,19.40504364,3.512249151,0,0,6.884226639,2.04235665,5.689015739,"B2","T48",11569368042,32158,"B2T48","Bacteroidetes","Bacteroidia","Bacteroidales","Bacteroidaceae","Bacteroides","Bacteroides_ovatus",48
"51","Bacteroides ovatus","B1T72",877667770.582242,"CCATGCGC","CCATGCGC",1,"p","NG-20110_2019_0016_lib334815_6442_2_1.fastq.gz,NG-20110_2019_0016_lib334815_6442_2_2.fastq.gz","DbMM-10","V5V6","GUT_784F_1064R - 23","FourC",6.471,"DbMM","B1_T72",25.52257493,23.90605535,4.191490449,0,0,11.00289343,2.345469048,6.980562644,"B1","T72",11765029432,36449,"B1T72","Bacteroidetes","Bacteroidia","Bacteroidales","Bacteroidaceae","Bacteroides","Bacteroides_ovatus",72
"167","Flavonifractor plautii","B3T48",834981683.388626,"CATGATGC","CATGATGC",1,"p","NG-20110_2019_0016_lib334815_6442_2_1.fastq.gz,NG-20110_2019_0016_lib334815_6442_2_2.fastq.gz","DbMM-10","V5V6","GUT_784F_1064R - 21","FourC",71.867,"DbMM","B3_T48",22.59040951,23.80062059,3.433571919,0,0,5.752565359,2.2148607,6.169528413,"B3","T48",13552395015,36233,"B3T48","Firmicutes","Clostridia","Clostridiales","Lachnospiraceae","Flavonifractor","Lachnospiraceae_bacterium 7_1_58FAA",48
"82","Bacteroides xylanisolvens","B4T96",834826318.662462,"CTCAGCGC","CTCAGCGC",1,"p","NG-20110_2019_0016_lib334815_6442_2_1.fastq.gz,NG-20110_2019_0016_lib334815_6442_2_2.fastq.gz","DbMM-10","V5V6","GUT_784F_1064R - 30","FourC",101.384,"DbMM","B4_T96",21.87398843,28.57496357,2.994952443,0,0,8.780699827,2.993789653,9.564823173,"B4","T96",9842388239,78462,"B4T96","Bacteroidetes","Bacteroidia","Bacteroidales","Bacteroidaceae","Bacteroides","Bacteroides_xylanisolvens",96
"48","Bacteroides ovatus","B1T96",800707769.300722,"CGCAAGCT","CGCAAGCT",1,"p","NG-20110_2019_0016_lib334815_6442_2_1.fastq.gz,NG-20110_2019_0016_lib334815_6442_2_2.fastq.gz","DbMM-10","V5V6","GUT_784F_1064R - 27","FourC",88.485,"DbMM","B1_T96",25.22395254,24.60750205,4.191868346,0,0,11.28024586,2.324445079,7.426342106,"B1","T96",11860751449,36628,"B1T96","Bacteroidetes","Bacteroidia","Bacteroidales","Bacteroidaceae","Bacteroides","Bacteroides_ovatus",96
"49","Bacteroides ovatus","B2T72",792129734.021016,"CCATTATG","CCATTATG",1,"p","NG-20110_2019_0016_lib334815_6442_2_1.fastq.gz,NG-20110_2019_0016_lib334815_6442_2_2.fastq.gz","DbMM-10","V5V6","GUT_784F_1064R - 24","FourC",19.595,"DbMM","B2_T72",25.78571083,25.01975492,4.328292932,0,0,10.24123424,2.026290552,6.030626644,"B2","T72",12224488598,42151,"B2T72","Bacteroidetes","Bacteroidia","Bacteroidales","Bacteroidaceae","Bacteroides","Bacteroides_ovatus",72
"59","Bacteroides ovatus","B2T96",787975400.949789,"CGGAAGAG","CGGAAGAG",1,"p","NG-20110_2019_0016_lib334815_6442_2_1.fastq.gz,NG-20110_2019_0016_lib334815_6442_2_2.fastq.gz","DbMM-10","V5V6","GUT_784F_1064R - 28","FourC",93.987,"DbMM","B2_T96",25.24388551,25.16666207,4.225019225,0,0,10.65006013,2.144100952,6.850162785,"B2","T96",9125954236,38230,"B2T96","Bacteroidetes","Bacteroidia","Bacteroidales","Bacteroidaceae","Bacteroides","Bacteroides_ovatus",96
"95","Coprococcus catus","B1T48",749299488.664987,"CAACGAGG","CAACGAGG",1,"p","NG-20110_2019_0016_lib334815_6442_2_1.fastq.gz,NG-20110_2019_0016_lib334815_6442_2_2.fastq.gz","DbMM-10","V5V6","GUT_784F_1064R - 19","FourC",113.547,"DbMM","B1_T48",25.9164472,21.16638018,4.060683936,0,0,9.330743519,2.215862838,6.172319884,"B1","T48",11898875880,68571,"B1T48","Firmicutes","Clostridia","Clostridiales","Lachnospiraceae","Coprococcus","Coprococcus_catus",48
"132","Eubacterium siraeum","B3T72",697804879.104111,"CCGTACTA","CCGTACTA",1,"p","NG-20110_2019_0016_lib334815_6442_2_1.fastq.gz,NG-20110_2019_0016_lib334815_6442_2_2.fastq.gz","DbMM-10","V5V6","GUT_784F_1064R - 25","FourC",7.626,"DbMM","B3_T72",22.07183761,27.73015988,3.612834152,0,0,8.268998671,2.365499698,7.040177674,"B3","T72",14474099977,16400,"B3T72","Firmicutes","Clostridia","Clostridiales","Eubacteriaceae","Eubacterium","Eubacterium_siraeum",72
"168","Flavonifractor plautii","B1T72",689290297.871907,"CCATGCGC","CCATGCGC",1,"p","NG-20110_2019_0016_lib334815_6442_2_1.fastq.gz,NG-20110_2019_0016_lib334815_6442_2_2.fastq.gz","DbMM-10","V5V6","GUT_784F_1064R - 23","FourC",6.471,"DbMM","B1_T72",25.52257493,23.90605535,4.191490449,0,0,11.00289343,2.345469048,6.980562644,"B1","T72",11765029432,36449,"B1T72","Firmicutes","Clostridia","Clostridiales","Lachnospiraceae","Flavonifractor","Lachnospiraceae_bacterium 7_1_58FAA",72
"157","Flavonifractor plautii","B3T24",654984803.210442,"ATGCGATT","ATGCGATT",1,"p","NG-20110_2019_0016_lib334815_6442_2_1.fastq.gz,NG-20110_2019_0016_lib334815_6442_2_2.fastq.gz","DbMM-10","V5V6","GUT_784F_1064R - 17","FourC",86.871,"DbMM","B3_T24",26.02415696,15.30651563,4.340806865,0,7.169377347,3.580023072,1.480225824,3.874936712,"B3","T24",16070672884,67539,"B3T24","Firmicutes","Clostridia","Clostridiales","Lachnospiraceae","Flavonifractor","Lachnospiraceae_bacterium 7_1_58FAA",24
"155","Flavonifractor plautii","B2T72",642267351.908932,"CCATTATG","CCATTATG",1,"p","NG-20110_2019_0016_lib334815_6442_2_1.fastq.gz,NG-20110_2019_0016_lib334815_6442_2_2.fastq.gz","DbMM-10","V5V6","GUT_784F_1064R - 24","FourC",19.595,"DbMM","B2_T72",25.78571083,25.01975492,4.328292932,0,0,10.24123424,2.026290552,6.030626644,"B2","T72",12224488598,42151,"B2T72","Firmicutes","Clostridia","Clostridiales","Lachnospiraceae","Flavonifractor","Lachnospiraceae_bacterium 7_1_58FAA",72
"163","Flavonifractor plautii","B2T96",638088775.769122,"CGGAAGAG","CGGAAGAG",1,"p","NG-20110_2019_0016_lib334815_6442_2_1.fastq.gz,NG-20110_2019_0016_lib334815_6442_2_2.fastq.gz","DbMM-10","V5V6","GUT_784F_1064R - 28","FourC",93.987,"DbMM","B2_T96",25.24388551,25.16666207,4.225019225,0,0,10.65006013,2.144100952,6.850162785,"B2","T96",9125954236,38230,"B2T96","Firmicutes","Clostridia","Clostridiales","Lachnospiraceae","Flavonifractor","Lachnospiraceae_bacterium 7_1_58FAA",96
"158","Flavonifractor plautii","B1T48",616566436.38719,"CAACGAGG","CAACGAGG",1,"p","NG-20110_2019_0016_lib334815_6442_2_1.fastq.gz,NG-20110_2019_0016_lib334815_6442_2_2.fastq.gz","DbMM-10","V5V6","GUT_784F_1064R - 19","FourC",113.547,"DbMM","B1_T48",25.9164472,21.16638018,4.060683936,0,0,9.330743519,2.215862838,6.172319884,"B1","T48",11898875880,68571,"B1T48","Firmicutes","Clostridia","Clostridiales","Lachnospiraceae","Flavonifractor","Lachnospiraceae_bacterium 7_1_58FAA",48
"156","Flavonifractor plautii","B2T48",612294459.661732,"CATAAGCG","CATAAGCG",1,"p","NG-20110_2019_0016_lib334815_6442_2_1.fastq.gz,NG-20110_2019_0016_lib334815_6442_2_2.fastq.gz","DbMM-10","V5V6","GUT_784F_1064R - 20","FourC",54.295,"DbMM","B2_T48",21.76055852,19.40504364,3.512249151,0,0,6.884226639,2.04235665,5.689015739,"B2","T48",11569368042,32158,"B2T48","Firmicutes","Clostridia","Clostridiales","Lachnospiraceae","Flavonifractor","Lachnospiraceae_bacterium 7_1_58FAA",48
"187","Roseburia intestinalis","B3T24",607894392.52211,"ATGCGATT","ATGCGATT",1,"p","NG-20110_2019_0016_lib334815_6442_2_1.fastq.gz,NG-20110_2019_0016_lib334815_6442_2_2.fastq.gz","DbMM-10","V5V6","GUT_784F_1064R - 17","FourC",86.871,"DbMM","B3_T24",26.02415696,15.30651563,4.340806865,0,7.169377347,3.580023072,1.480225824,3.874936712,"B3","T24",16070672884,67539,"B3T24","Firmicutes","Clostridia","Clostridiales","Lachnospiraceae","Roseburia","Roseburia_intestinalis",24
"192","Roseburia intestinalis","B4T72",590740595.529248,"CCGTCTGC","CCGTCTGC",1,"p","NG-20110_2019_0016_lib334815_6442_2_1.fastq.gz,NG-20110_2019_0016_lib334815_6442_2_2.fastq.gz","DbMM-10","V5V6","GUT_784F_1064R - 26","FourC",91.097,"DbMM","B4_T72",22.27149208,27.11674702,2.883506539,0,0,5.951572063,3.018117767,8.982493355,"B4","T72",18441380330,12473,"B4T72","Firmicutes","Clostridia","Clostridiales","Lachnospiraceae","Roseburia","Roseburia_intestinalis",72
"45","Bacteroides ovatus","B1T24",552294159.709677,"ATATCCGC","ATATCCGC",1,"p","NG-20110_2019_0016_lib334815_6442_2_1.fastq.gz,NG-20110_2019_0016_lib334815_6442_2_2.fastq.gz","DbMM-10","V5V6","GUT_784F_1064R - 15","FourC",92.958,"DbMM","B1_T24",27.06585287,16.61526127,4.701462225,0,4.902289542,4.336492395,1.816739597,4.755862819,"B1","T24",12343132267,60151,"B1T24","Bacteroidetes","Bacteroidia","Bacteroidales","Bacteroidaceae","Bacteroides","Bacteroides_ovatus",24
"66","Bacteroides ovatus","B4T96",492333469.980426,"CTCAGCGC","CTCAGCGC",1,"p","NG-20110_2019_0016_lib334815_6442_2_1.fastq.gz,NG-20110_2019_0016_lib334815_6442_2_2.fastq.gz","DbMM-10","V5V6","GUT_784F_1064R - 30","FourC",101.384,"DbMM","B4_T96",21.87398843,28.57496357,2.994952443,0,0,8.780699827,2.993789653,9.564823173,"B4","T96",9842388239,78462,"B4T96","Bacteroidetes","Bacteroidia","Bacteroidales","Bacteroidaceae","Bacteroides","Bacteroides_ovatus",96
"211","Subdoligranulum variabile","B4T72",470880184.842154,"CCGTCTGC","CCGTCTGC",1,"p","NG-20110_2019_0016_lib334815_6442_2_1.fastq.gz,NG-20110_2019_0016_lib334815_6442_2_2.fastq.gz","DbMM-10","V5V6","GUT_784F_1064R - 26","FourC",91.097,"DbMM","B4_T72",22.27149208,27.11674702,2.883506539,0,0,5.951572063,3.018117767,8.982493355,"B4","T72",18441380330,12473,"B4T72","Firmicutes","Clostridia","Clostridiales","Ruminococcaceae","Subdoligranulum","Subdoligranulum_variabile",72
"131","Eubacterium siraeum","B3T96",449519068.533123,"CTAGGAGA","CTAGGAGA",1,"p","NG-20110_2019_0016_lib334815_6442_2_1.fastq.gz,NG-20110_2019_0016_lib334815_6442_2_2.fastq.gz","DbMM-10","V5V6","GUT_784F_1064R - 29","FourC",103.734,"DbMM","B3_T96",21.93345407,27.54389753,3.740875716,0,0,9.20549788,2.368855865,7.5682296,"B3","T96",9499836315,115261,"B3T96","Firmicutes","Clostridia","Clostridiales","Eubacteriaceae","Eubacterium","Eubacterium_siraeum",96
"159","Flavonifractor plautii","B2T24",441041540.399195,"ATGCCGGA","ATGCCGGA",1,"p","NG-20110_2019_0016_lib334815_6442_2_1.fastq.gz,NG-20110_2019_0016_lib334815_6442_2_2.fastq.gz","DbMM-10","V5V6","GUT_784F_1064R - 16","FourC",95.378,"DbMM","B2_T24",26.27502349,16.77507458,3.428240583,0,3.470297759,4.665329817,1.756421093,4.597960977,"B2","T24",14888363456,11366,"B2T24","Firmicutes","Clostridia","Clostridiales","Lachnospiraceae","Flavonifractor","Lachnospiraceae_bacterium 7_1_58FAA",24
"93","Coprococcus catus","B2T48",441023282.133975,"CATAAGCG","CATAAGCG",1,"p","NG-20110_2019_0016_lib334815_6442_2_1.fastq.gz,NG-20110_2019_0016_lib334815_6442_2_2.fastq.gz","DbMM-10","V5V6","GUT_784F_1064R - 20","FourC",54.295,"DbMM","B2_T48",21.76055852,19.40504364,3.512249151,0,0,6.884226639,2.04235665,5.689015739,"B2","T48",11569368042,32158,"B2T48","Firmicutes","Clostridia","Clostridiales","Lachnospiraceae","Coprococcus","Coprococcus_catus",48
"214","Subdoligranulum variabile","B4T48",398116142.658683,"CATTGCCA","CATTGCCA",1,"p","NG-20110_2019_0016_lib334815_6442_2_1.fastq.gz,NG-20110_2019_0016_lib334815_6442_2_2.fastq.gz","DbMM-10","V5V6","GUT_784F_1064R - 22","FourC",53.569,"DbMM","B4_T48",25.13609867,19.81234677,2.687733094,0,6.393739668,4.093234207,2.318024137,6.456891746,"B4","T48",22161798608,36952,"B4T48","Firmicutes","Clostridia","Clostridiales","Ruminococcaceae","Subdoligranulum","Subdoligranulum_variabile",48
"208","Subdoligranulum variabile","B4T96",342492848.682036,"CTCAGCGC","CTCAGCGC",1,"p","NG-20110_2019_0016_lib334815_6442_2_1.fastq.gz,NG-20110_2019_0016_lib334815_6442_2_2.fastq.gz","DbMM-10","V5V6","GUT_784F_1064R - 30","FourC",101.384,"DbMM","B4_T96",21.87398843,28.57496357,2.994952443,0,0,8.780699827,2.993789653,9.564823173,"B4","T96",9842388239,78462,"B4T96","Firmicutes","Clostridia","Clostridiales","Ruminococcaceae","Subdoligranulum","Subdoligranulum_variabile",96
"125","Eubacterium siraeum","B4T24",333961047.558637,"CAACCTCT","CAACCTCT",1,"p","NG-20110_2019_0016_lib334815_6442_2_1.fastq.gz,NG-20110_2019_0016_lib334815_6442_2_2.fastq.gz","DbMM-10","V5V6","GUT_784F_1064R - 18","FourC",76.295,"DbMM","B4_T24",28.24835207,10.72363349,2.004343638,0,5.804676832,3.1597675,1.987097752,5.201826577,"B4","T24",22234098974,92562,"B4T24","Firmicutes","Clostridia","Clostridiales","Eubacteriaceae","Eubacterium","Eubacterium_siraeum",24
"195","Roseburia intestinalis","B4T48",333903861.584702,"CATTGCCA","CATTGCCA",1,"p","NG-20110_2019_0016_lib334815_6442_2_1.fastq.gz,NG-20110_2019_0016_lib334815_6442_2_2.fastq.gz","DbMM-10","V5V6","GUT_784F_1064R - 22","FourC",53.569,"DbMM","B4_T48",25.13609867,19.81234677,2.687733094,0,6.393739668,4.093234207,2.318024137,6.456891746,"B4","T48",22161798608,36952,"B4T48","Firmicutes","Clostridia","Clostridiales","Lachnospiraceae","Roseburia","Roseburia_intestinalis",48
"182","Roseburia intestinalis","B1T96",329703199.123827,"CGCAAGCT","CGCAAGCT",1,"p","NG-20110_2019_0016_lib334815_6442_2_1.fastq.gz,NG-20110_2019_0016_lib334815_6442_2_2.fastq.gz","DbMM-10","V5V6","GUT_784F_1064R - 27","FourC",88.485,"DbMM","B1_T96",25.22395254,24.60750205,4.191868346,0,0,11.28024586,2.324445079,7.426342106,"B1","T96",11860751449,36628,"B1T96","Firmicutes","Clostridia","Clostridiales","Lachnospiraceae","Roseburia","Roseburia_intestinalis",96
"177","Roseburia intestinalis","B1T48",316846640.921195,"CAACGAGG","CAACGAGG",1,"p","NG-20110_2019_0016_lib334815_6442_2_1.fastq.gz,NG-20110_2019_0016_lib334815_6442_2_2.fastq.gz","DbMM-10","V5V6","GUT_784F_1064R - 19","FourC",113.547,"DbMM","B1_T48",25.9164472,21.16638018,4.060683936,0,0,9.330743519,2.215862838,6.172319884,"B1","T48",11898875880,68571,"B1T48","Firmicutes","Clostridia","Clostridiales","Lachnospiraceae","Roseburia","Roseburia_intestinalis",48
"33","Anaerobutyricum soehngenii","B4T24",312553288.09975,"CAACCTCT","CAACCTCT",1,"p","NG-20110_2019_0016_lib334815_6442_2_1.fastq.gz,NG-20110_2019_0016_lib334815_6442_2_2.fastq.gz","DbMM-10","V5V6","GUT_784F_1064R - 18","FourC",76.295,"DbMM","B4_T24",28.24835207,10.72363349,2.004343638,0,5.804676832,3.1597675,1.987097752,5.201826577,"B4","T24",22234098974,92562,"B4T24","Firmicutes","Clostridia","Clostridiales","Eubacteriaceae","Anaerobutyricum","Anaerobutyricum_soehngenii",24
"161","Flavonifractor plautii","B1T24",308257205.419355,"ATATCCGC","ATATCCGC",1,"p","NG-20110_2019_0016_lib334815_6442_2_1.fastq.gz,NG-20110_2019_0016_lib334815_6442_2_2.fastq.gz","DbMM-10","V5V6","GUT_784F_1064R - 15","FourC",92.958,"DbMM","B1_T24",27.06585287,16.61526127,4.701462225,0,4.902289542,4.336492395,1.816739597,4.755862819,"B1","T24",12343132267,60151,"B1T24","Firmicutes","Clostridia","Clostridiales","Lachnospiraceae","Flavonifractor","Lachnospiraceae_bacterium 7_1_58FAA",24
"218","Subdoligranulum variabile","B3T72",303951818.505472,"CCGTACTA","CCGTACTA",1,"p","NG-20110_2019_0016_lib334815_6442_2_1.fastq.gz,NG-20110_2019_0016_lib334815_6442_2_2.fastq.gz","DbMM-10","V5V6","GUT_784F_1064R - 25","FourC",7.626,"DbMM","B3_T72",22.07183761,27.73015988,3.612834152,0,0,8.268998671,2.365499698,7.040177674,"B3","T72",14474099977,16400,"B3T72","Firmicutes","Clostridia","Clostridiales","Ruminococcaceae","Subdoligranulum","Subdoligranulum_variabile",72
"194","Roseburia intestinalis","B3T72",299670806.977226,"CCGTACTA","CCGTACTA",1,"p","NG-20110_2019_0016_lib334815_6442_2_1.fastq.gz,NG-20110_2019_0016_lib334815_6442_2_2.fastq.gz","DbMM-10","V5V6","GUT_784F_1064R - 25","FourC",7.626,"DbMM","B3_T72",22.07183761,27.73015988,3.612834152,0,0,8.268998671,2.365499698,7.040177674,"B3","T72",14474099977,16400,"B3T72","Firmicutes","Clostridia","Clostridiales","Lachnospiraceae","Roseburia","Roseburia_intestinalis",72
"219","Subdoligranulum variabile","B3T96",286835977.063993,"CTAGGAGA","CTAGGAGA",1,"p","NG-20110_2019_0016_lib334815_6442_2_1.fastq.gz,NG-20110_2019_0016_lib334815_6442_2_2.fastq.gz","DbMM-10","V5V6","GUT_784F_1064R - 29","FourC",103.734,"DbMM","B3_T96",21.93345407,27.54389753,3.740875716,0,0,9.20549788,2.368855865,7.5682296,"B3","T96",9499836315,115261,"B3T96","Firmicutes","Clostridia","Clostridiales","Ruminococcaceae","Subdoligranulum","Subdoligranulum_variabile",96
"186","Roseburia intestinalis","B2T48",278315663.482606,"CATAAGCG","CATAAGCG",1,"p","NG-20110_2019_0016_lib334815_6442_2_1.fastq.gz,NG-20110_2019_0016_lib334815_6442_2_2.fastq.gz","DbMM-10","V5V6","GUT_784F_1064R - 20","FourC",54.295,"DbMM","B2_T48",21.76055852,19.40504364,3.512249151,0,0,6.884226639,2.04235665,5.689015739,"B2","T48",11569368042,32158,"B2T48","Firmicutes","Clostridia","Clostridiales","Lachnospiraceae","Roseburia","Roseburia_intestinalis",48
"189","Roseburia intestinalis","B4T96",278275439.554154,"CTCAGCGC","CTCAGCGC",1,"p","NG-20110_2019_0016_lib334815_6442_2_1.fastq.gz,NG-20110_2019_0016_lib334815_6442_2_2.fastq.gz","DbMM-10","V5V6","GUT_784F_1064R - 30","FourC",101.384,"DbMM","B4_T96",21.87398843,28.57496357,2.994952443,0,0,8.780699827,2.993789653,9.564823173,"B4","T96",9842388239,78462,"B4T96","Firmicutes","Clostridia","Clostridiales","Lachnospiraceae","Roseburia","Roseburia_intestinalis",96
"185","Roseburia intestinalis","B1T72",269722290.471616,"CCATGCGC","CCATGCGC",1,"p","NG-20110_2019_0016_lib334815_6442_2_1.fastq.gz,NG-20110_2019_0016_lib334815_6442_2_2.fastq.gz","DbMM-10","V5V6","GUT_784F_1064R - 23","FourC",6.471,"DbMM","B1_T72",25.52257493,23.90605535,4.191490449,0,0,11.00289343,2.345469048,6.980562644,"B1","T72",11765029432,36449,"B1T72","Firmicutes","Clostridia","Clostridiales","Lachnospiraceae","Roseburia","Roseburia_intestinalis",72
"217","Subdoligranulum variabile","B4T24",261174665.398421,"CAACCTCT","CAACCTCT",1,"p","NG-20110_2019_0016_lib334815_6442_2_1.fastq.gz,NG-20110_2019_0016_lib334815_6442_2_2.fastq.gz","DbMM-10","V5V6","GUT_784F_1064R - 18","FourC",76.295,"DbMM","B4_T24",28.24835207,10.72363349,2.004343638,0,5.804676832,3.1597675,1.987097752,5.201826577,"B4","T24",22234098974,92562,"B4T24","Firmicutes","Clostridia","Clostridiales","Ruminococcaceae","Subdoligranulum","Subdoligranulum_variabile",24
"92","Coprococcus catus","B1T72",261159678.075691,"CCATGCGC","CCATGCGC",1,"p","NG-20110_2019_0016_lib334815_6442_2_1.fastq.gz,NG-20110_2019_0016_lib334815_6442_2_2.fastq.gz","DbMM-10","V5V6","GUT_784F_1064R - 23","FourC",6.471,"DbMM","B1_T72",25.52257493,23.90605535,4.191490449,0,0,11.00289343,2.345469048,6.980562644,"B1","T72",11765029432,36449,"B1T72","Firmicutes","Clostridia","Clostridiales","Lachnospiraceae","Coprococcus","Coprococcus_catus",72
"216","Subdoligranulum variabile","B3T48",235507654.2891,"CATGATGC","CATGATGC",1,"p","NG-20110_2019_0016_lib334815_6442_2_1.fastq.gz,NG-20110_2019_0016_lib334815_6442_2_2.fastq.gz","DbMM-10","V5V6","GUT_784F_1064R - 21","FourC",71.867,"DbMM","B3_T48",22.59040951,23.80062059,3.433571919,0,0,5.752565359,2.2148607,6.169528413,"B3","T48",13552395015,36233,"B3T48","Firmicutes","Clostridia","Clostridiales","Ruminococcaceae","Subdoligranulum","Subdoligranulum_variabile",48
"119","Eubacterium siraeum","B4T72",226878634.514856,"CCGTCTGC","CCGTCTGC",1,"p","NG-20110_2019_0016_lib334815_6442_2_1.fastq.gz,NG-20110_2019_0016_lib334815_6442_2_2.fastq.gz","DbMM-10","V5V6","GUT_784F_1064R - 26","FourC",91.097,"DbMM","B4_T72",22.27149208,27.11674702,2.883506539,0,0,5.951572063,3.018117767,8.982493355,"B4","T72",18441380330,12473,"B4T72","Firmicutes","Clostridia","Clostridiales","Eubacteriaceae","Eubacterium","Eubacterium_siraeum",72
"184","Roseburia intestinalis","B3T48",218379824.886256,"CATGATGC","CATGATGC",1,"p","NG-20110_2019_0016_lib334815_6442_2_1.fastq.gz,NG-20110_2019_0016_lib334815_6442_2_2.fastq.gz","DbMM-10","V5V6","GUT_784F_1064R - 21","FourC",71.867,"DbMM","B3_T48",22.59040951,23.80062059,3.433571919,0,0,5.752565359,2.2148607,6.169528413,"B3","T48",13552395015,36233,"B3T48","Firmicutes","Clostridia","Clostridiales","Lachnospiraceae","Roseburia","Roseburia_intestinalis",48
"89","Coprococcus catus","B1T96",218374846.172924,"CGCAAGCT","CGCAAGCT",1,"p","NG-20110_2019_0016_lib334815_6442_2_1.fastq.gz,NG-20110_2019_0016_lib334815_6442_2_2.fastq.gz","DbMM-10","V5V6","GUT_784F_1064R - 27","FourC",88.485,"DbMM","B1_T96",25.22395254,24.60750205,4.191868346,0,0,11.28024586,2.324445079,7.426342106,"B1","T96",11860751449,36628,"B1T96","Firmicutes","Clostridia","Clostridiales","Lachnospiraceae","Coprococcus","Coprococcus_catus",96
"193","Roseburia intestinalis","B2T96",214123750.258095,"CGGAAGAG","CGGAAGAG",1,"p","NG-20110_2019_0016_lib334815_6442_2_1.fastq.gz,NG-20110_2019_0016_lib334815_6442_2_2.fastq.gz","DbMM-10","V5V6","GUT_784F_1064R - 28","FourC",93.987,"DbMM","B2_T96",25.24388551,25.16666207,4.225019225,0,0,10.65006013,2.144100952,6.850162785,"B2","T96",9125954236,38230,"B2T96","Firmicutes","Clostridia","Clostridiales","Lachnospiraceae","Roseburia","Roseburia_intestinalis",96
"102","Coprococcus catus","B4T48",214040936.91327,"CATTGCCA","CATTGCCA",1,"p","NG-20110_2019_0016_lib334815_6442_2_1.fastq.gz,NG-20110_2019_0016_lib334815_6442_2_2.fastq.gz","DbMM-10","V5V6","GUT_784F_1064R - 22","FourC",53.569,"DbMM","B4_T48",25.13609867,19.81234677,2.687733094,0,6.393739668,4.093234207,2.318024137,6.456891746,"B4","T48",22161798608,36952,"B4T48","Firmicutes","Clostridia","Clostridiales","Lachnospiraceae","Coprococcus","Coprococcus_catus",48
"104","Coprococcus catus","B3T48",209815910.184834,"CATGATGC","CATGATGC",1,"p","NG-20110_2019_0016_lib334815_6442_2_1.fastq.gz,NG-20110_2019_0016_lib334815_6442_2_2.fastq.gz","DbMM-10","V5V6","GUT_784F_1064R - 21","FourC",71.867,"DbMM","B3_T48",22.59040951,23.80062059,3.433571919,0,0,5.752565359,2.2148607,6.169528413,"B3","T48",13552395015,36233,"B3T48","Firmicutes","Clostridia","Clostridiales","Lachnospiraceae","Coprococcus","Coprococcus_catus",48
"183","Roseburia intestinalis","B2T72",201243770.264799,"CCATTATG","CCATTATG",1,"p","NG-20110_2019_0016_lib334815_6442_2_1.fastq.gz,NG-20110_2019_0016_lib334815_6442_2_2.fastq.gz","DbMM-10","V5V6","GUT_784F_1064R - 24","FourC",19.595,"DbMM","B2_T72",25.78571083,25.01975492,4.328292932,0,0,10.24123424,2.026290552,6.030626644,"B2","T72",12224488598,42151,"B2T72","Firmicutes","Clostridia","Clostridiales","Lachnospiraceae","Roseburia","Roseburia_intestinalis",72
"109","Coprococcus catus","B3T72",192645518.771074,"CCGTACTA","CCGTACTA",1,"p","NG-20110_2019_0016_lib334815_6442_2_1.fastq.gz,NG-20110_2019_0016_lib334815_6442_2_2.fastq.gz","DbMM-10","V5V6","GUT_784F_1064R - 25","FourC",7.626,"DbMM","B3_T72",22.07183761,27.73015988,3.612834152,0,0,8.268998671,2.365499698,7.040177674,"B3","T72",14474099977,16400,"B3T72","Firmicutes","Clostridia","Clostridiales","Lachnospiraceae","Coprococcus","Coprococcus_catus",72
"99","Coprococcus catus","B4T72",175509887.07753,"CCGTCTGC","CCGTCTGC",1,"p","NG-20110_2019_0016_lib334815_6442_2_1.fastq.gz,NG-20110_2019_0016_lib334815_6442_2_2.fastq.gz","DbMM-10","V5V6","GUT_784F_1064R - 26","FourC",91.097,"DbMM","B4_T72",22.27149208,27.11674702,2.883506539,0,0,5.951572063,3.018117767,8.982493355,"B4","T72",18441380330,12473,"B4T72","Firmicutes","Clostridia","Clostridiales","Lachnospiraceae","Coprococcus","Coprococcus_catus",72
"129","Eubacterium siraeum","B4T96",171246424.341018,"CTCAGCGC","CTCAGCGC",1,"p","NG-20110_2019_0016_lib334815_6442_2_1.fastq.gz,NG-20110_2019_0016_lib334815_6442_2_2.fastq.gz","DbMM-10","V5V6","GUT_784F_1064R - 30","FourC",101.384,"DbMM","B4_T96",21.87398843,28.57496357,2.994952443,0,0,8.780699827,2.993789653,9.564823173,"B4","T96",9842388239,78462,"B4T96","Firmicutes","Clostridia","Clostridiales","Eubacteriaceae","Eubacterium","Eubacterium_siraeum",96
"94","Coprococcus catus","B2T72",166989511.496322,"CCATTATG","CCATTATG",1,"p","NG-20110_2019_0016_lib334815_6442_2_1.fastq.gz,NG-20110_2019_0016_lib334815_6442_2_2.fastq.gz","DbMM-10","V5V6","GUT_784F_1064R - 24","FourC",19.595,"DbMM","B2_T72",25.78571083,25.01975492,4.328292932,0,0,10.24123424,2.026290552,6.030626644,"B2","T72",12224488598,42151,"B2T72","Firmicutes","Clostridia","Clostridiales","Lachnospiraceae","Coprococcus","Coprococcus_catus",72
"191","Roseburia intestinalis","B3T96",149839689.511041,"CTAGGAGA","CTAGGAGA",1,"p","NG-20110_2019_0016_lib334815_6442_2_1.fastq.gz,NG-20110_2019_0016_lib334815_6442_2_2.fastq.gz","DbMM-10","V5V6","GUT_784F_1064R - 29","FourC",103.734,"DbMM","B3_T96",21.93345407,27.54389753,3.740875716,0,0,9.20549788,2.368855865,7.5682296,"B3","T96",9499836315,115261,"B3T96","Firmicutes","Clostridia","Clostridiales","Lachnospiraceae","Roseburia","Roseburia_intestinalis",96
"40","Anaerobutyricum soehngenii","B4T72",136983326.499536,"CCGTCTGC","CCGTCTGC",1,"p","NG-20110_2019_0016_lib334815_6442_2_1.fastq.gz,NG-20110_2019_0016_lib334815_6442_2_2.fastq.gz","DbMM-10","V5V6","GUT_784F_1064R - 26","FourC",91.097,"DbMM","B4_T72",22.27149208,27.11674702,2.883506539,0,0,5.951572063,3.018117767,8.982493355,"B4","T72",18441380330,12473,"B4T72","Firmicutes","Clostridia","Clostridiales","Eubacteriaceae","Anaerobutyricum","Anaerobutyricum_soehngenii",72
"110","Coprococcus catus","B3T96",119871751.608833,"CTAGGAGA","CTAGGAGA",1,"p","NG-20110_2019_0016_lib334815_6442_2_1.fastq.gz,NG-20110_2019_0016_lib334815_6442_2_2.fastq.gz","DbMM-10","V5V6","GUT_784F_1064R - 29","FourC",103.734,"DbMM","B3_T96",21.93345407,27.54389753,3.740875716,0,0,9.20549788,2.368855865,7.5682296,"B3","T96",9499836315,115261,"B3T96","Firmicutes","Clostridia","Clostridiales","Lachnospiraceae","Coprococcus","Coprococcus_catus",96
"100","Coprococcus catus","B2T96",115626825.139371,"CGGAAGAG","CGGAAGAG",1,"p","NG-20110_2019_0016_lib334815_6442_2_1.fastq.gz,NG-20110_2019_0016_lib334815_6442_2_2.fastq.gz","DbMM-10","V5V6","GUT_784F_1064R - 28","FourC",93.987,"DbMM","B2_T96",25.24388551,25.16666207,4.225019225,0,0,10.65006013,2.144100952,6.850162785,"B2","T96",9125954236,38230,"B2T96","Firmicutes","Clostridia","Clostridiales","Lachnospiraceae","Coprococcus","Coprococcus_catus",96
"32","Anaerobutyricum soehngenii","B3T48",81357189.6635071,"CATGATGC","CATGATGC",1,"p","NG-20110_2019_0016_lib334815_6442_2_1.fastq.gz,NG-20110_2019_0016_lib334815_6442_2_2.fastq.gz","DbMM-10","V5V6","GUT_784F_1064R - 21","FourC",71.867,"DbMM","B3_T48",22.59040951,23.80062059,3.433571919,0,0,5.752565359,2.2148607,6.169528413,"B3","T48",13552395015,36233,"B3T48","Firmicutes","Clostridia","Clostridiales","Eubacteriaceae","Anaerobutyricum","Anaerobutyricum_soehngenii",48
"206","Subdoligranulum variabile","B3T24",77057035.6718167,"ATGCGATT","ATGCGATT",1,"p","NG-20110_2019_0016_lib334815_6442_2_1.fastq.gz,NG-20110_2019_0016_lib334815_6442_2_2.fastq.gz","DbMM-10","V5V6","GUT_784F_1064R - 17","FourC",86.871,"DbMM","B3_T24",26.02415696,15.30651563,4.340806865,0,7.169377347,3.580023072,1.480225824,3.874936712,"B3","T24",16070672884,67539,"B3T24","Firmicutes","Clostridia","Clostridiales","Ruminococcaceae","Subdoligranulum","Subdoligranulum_variabile",24
"96","Coprococcus catus","B4T96",72779730.3449326,"CTCAGCGC","CTCAGCGC",1,"p","NG-20110_2019_0016_lib334815_6442_2_1.fastq.gz,NG-20110_2019_0016_lib334815_6442_2_2.fastq.gz","DbMM-10","V5V6","GUT_784F_1064R - 30","FourC",101.384,"DbMM","B4_T96",21.87398843,28.57496357,2.994952443,0,0,8.780699827,2.993789653,9.564823173,"B4","T96",9842388239,78462,"B4T96","Firmicutes","Clostridia","Clostridiales","Lachnospiraceae","Coprococcus","Coprococcus_catus",96
"201","Subdoligranulum variabile","B1T96",64227895.933213,"CGCAAGCT","CGCAAGCT",1,"p","NG-20110_2019_0016_lib334815_6442_2_1.fastq.gz,NG-20110_2019_0016_lib334815_6442_2_2.fastq.gz","DbMM-10","V5V6","GUT_784F_1064R - 27","FourC",88.485,"DbMM","B1_T96",25.22395254,24.60750205,4.191868346,0,0,11.28024586,2.324445079,7.426342106,"B1","T96",11860751449,36628,"B1T96","Firmicutes","Clostridia","Clostridiales","Ruminococcaceae","Subdoligranulum","Subdoligranulum_variabile",96
"42","Anaerobutyricum soehngenii","B3T72",38529103.7542147,"CCGTACTA","CCGTACTA",1,"p","NG-20110_2019_0016_lib334815_6442_2_1.fastq.gz,NG-20110_2019_0016_lib334815_6442_2_2.fastq.gz","DbMM-10","V5V6","GUT_784F_1064R - 25","FourC",7.626,"DbMM","B3_T72",22.07183761,27.73015988,3.612834152,0,0,8.268998671,2.365499698,7.040177674,"B3","T72",14474099977,16400,"B3T72","Firmicutes","Clostridia","Clostridiales","Eubacteriaceae","Anaerobutyricum","Anaerobutyricum_soehngenii",72
"202","Subdoligranulum variabile","B2T72",34254258.7684764,"CCATTATG","CCATTATG",1,"p","NG-20110_2019_0016_lib334815_6442_2_1.fastq.gz,NG-20110_2019_0016_lib334815_6442_2_2.fastq.gz","DbMM-10","V5V6","GUT_784F_1064R - 24","FourC",19.595,"DbMM","B2_T72",25.78571083,25.01975492,4.328292932,0,0,10.24123424,2.026290552,6.030626644,"B2","T72",12224488598,42151,"B2T72","Firmicutes","Clostridia","Clostridiales","Ruminococcaceae","Subdoligranulum","Subdoligranulum_variabile",72
"204","Subdoligranulum variabile","B1T72",34250449.5836972,"CCATGCGC","CCATGCGC",1,"p","NG-20110_2019_0016_lib334815_6442_2_1.fastq.gz,NG-20110_2019_0016_lib334815_6442_2_2.fastq.gz","DbMM-10","V5V6","GUT_784F_1064R - 23","FourC",6.471,"DbMM","B1_T72",25.52257493,23.90605535,4.191490449,0,0,11.00289343,2.345469048,6.980562644,"B1","T72",11765029432,36449,"B1T72","Firmicutes","Clostridia","Clostridiales","Ruminococcaceae","Subdoligranulum","Subdoligranulum_variabile",72
"35","Anaerobutyricum soehngenii","B3T24",34247571.4096963,"ATGCGATT","ATGCGATT",1,"p","NG-20110_2019_0016_lib334815_6442_2_1.fastq.gz,NG-20110_2019_0016_lib334815_6442_2_2.fastq.gz","DbMM-10","V5V6","GUT_784F_1064R - 17","FourC",86.871,"DbMM","B3_T24",26.02415696,15.30651563,4.340806865,0,7.169377347,3.580023072,1.480225824,3.874936712,"B3","T24",16070672884,67539,"B3T24","Firmicutes","Clostridia","Clostridiales","Eubacteriaceae","Anaerobutyricum","Anaerobutyricum_soehngenii",24
"25","Anaerobutyricum soehngenii","B2T48",29972456.0673575,"CATAAGCG","CATAAGCG",1,"p","NG-20110_2019_0016_lib334815_6442_2_1.fastq.gz,NG-20110_2019_0016_lib334815_6442_2_2.fastq.gz","DbMM-10","V5V6","GUT_784F_1064R - 20","FourC",54.295,"DbMM","B2_T48",21.76055852,19.40504364,3.512249151,0,0,6.884226639,2.04235665,5.689015739,"B2","T48",11569368042,32158,"B2T48","Firmicutes","Clostridia","Clostridiales","Eubacteriaceae","Anaerobutyricum","Anaerobutyricum_soehngenii",48
"200","Subdoligranulum variabile","B2T48",29972456.0673575,"CATAAGCG","CATAAGCG",1,"p","NG-20110_2019_0016_lib334815_6442_2_1.fastq.gz,NG-20110_2019_0016_lib334815_6442_2_2.fastq.gz","DbMM-10","V5V6","GUT_784F_1064R - 20","FourC",54.295,"DbMM","B2_T48",21.76055852,19.40504364,3.512249151,0,0,6.884226639,2.04235665,5.689015739,"B2","T48",11569368042,32158,"B2T48","Firmicutes","Clostridia","Clostridiales","Ruminococcaceae","Subdoligranulum","Subdoligranulum_variabile",48
"37","Anaerobutyricum soehngenii","B4T96",29968124.2596781,"CTCAGCGC","CTCAGCGC",1,"p","NG-20110_2019_0016_lib334815_6442_2_1.fastq.gz,NG-20110_2019_0016_lib334815_6442_2_2.fastq.gz","DbMM-10","V5V6","GUT_784F_1064R - 30","FourC",101.384,"DbMM","B4_T96",21.87398843,28.57496357,2.994952443,0,0,8.780699827,2.993789653,9.564823173,"B4","T96",9842388239,78462,"B4T96","Firmicutes","Clostridia","Clostridiales","Eubacteriaceae","Anaerobutyricum","Anaerobutyricum_soehngenii",96
"128","Eubacterium siraeum","B4T0",26353317.951,"AGTTATGC","AGTTATGC",1,"p","NG-20110_2019_0016_lib334815_6442_2_1.fastq.gz,NG-20110_2019_0016_lib334815_6442_2_2.fastq.gz","DbMM-10","V5V6","GUT_784F_1064R - 14","FourC",93.212,"DbMM","B4_T0",27.39920245,0,0.64359311,0,1.179891309,2.450430793,0,0,"B4","T0",87844393.17,33510,"B4T0","Firmicutes","Clostridia","Clostridiales","Eubacteriaceae","Eubacterium","Eubacterium_siraeum",0
"212","Subdoligranulum variabile","B2T96",25694850.0309714,"CGGAAGAG","CGGAAGAG",1,"p","NG-20110_2019_0016_lib334815_6442_2_1.fastq.gz,NG-20110_2019_0016_lib334815_6442_2_2.fastq.gz","DbMM-10","V5V6","GUT_784F_1064R - 28","FourC",93.987,"DbMM","B2_T96",25.24388551,25.16666207,4.225019225,0,0,10.65006013,2.144100952,6.850162785,"B2","T96",9125954236,38230,"B2T96","Firmicutes","Clostridia","Clostridiales","Ruminococcaceae","Subdoligranulum","Subdoligranulum_variabile",96
"207","Subdoligranulum variabile","B1T48",25690268.1827996,"CAACGAGG","CAACGAGG",1,"p","NG-20110_2019_0016_lib334815_6442_2_1.fastq.gz,NG-20110_2019_0016_lib334815_6442_2_2.fastq.gz","DbMM-10","V5V6","GUT_784F_1064R - 19","FourC",113.547,"DbMM","B1_T48",25.9164472,21.16638018,4.060683936,0,0,9.330743519,2.215862838,6.172319884,"B1","T48",11898875880,68571,"B1T48","Firmicutes","Clostridia","Clostridiales","Ruminococcaceae","Subdoligranulum","Subdoligranulum_variabile",48
"41","Anaerobutyricum soehngenii","B2T96",21412375.0258095,"CGGAAGAG","CGGAAGAG",1,"p","NG-20110_2019_0016_lib334815_6442_2_1.fastq.gz,NG-20110_2019_0016_lib334815_6442_2_2.fastq.gz","DbMM-10","V5V6","GUT_784F_1064R - 28","FourC",93.987,"DbMM","B2_T96",25.24388551,25.16666207,4.225019225,0,0,10.65006013,2.144100952,6.850162785,"B2","T96",9125954236,38230,"B2T96","Firmicutes","Clostridia","Clostridiales","Eubacteriaceae","Anaerobutyricum","Anaerobutyricum_soehngenii",96
"28","Anaerobutyricum soehngenii","B2T24",21409783.514524,"ATGCCGGA","ATGCCGGA",1,"p","NG-20110_2019_0016_lib334815_6442_2_1.fastq.gz,NG-20110_2019_0016_lib334815_6442_2_2.fastq.gz","DbMM-10","V5V6","GUT_784F_1064R - 16","FourC",95.378,"DbMM","B2_T24",26.27502349,16.77507458,3.428240583,0,3.470297759,4.665329817,1.756421093,4.597960977,"B2","T24",14888363456,11366,"B2T24","Firmicutes","Clostridia","Clostridiales","Eubacteriaceae","Anaerobutyricum","Anaerobutyricum_soehngenii",24
"43","Anaerobutyricum soehngenii","B4T48",21404093.691327,"CATTGCCA","CATTGCCA",1,"p","NG-20110_2019_0016_lib334815_6442_2_1.fastq.gz,NG-20110_2019_0016_lib334815_6442_2_2.fastq.gz","DbMM-10","V5V6","GUT_784F_1064R - 22","FourC",53.569,"DbMM","B4_T48",25.13609867,19.81234677,2.687733094,0,6.393739668,4.093234207,2.318024137,6.456891746,"B4","T48",22161798608,36952,"B4T48","Firmicutes","Clostridia","Clostridiales","Eubacteriaceae","Anaerobutyricum","Anaerobutyricum_soehngenii",48
"108","Coprococcus catus","B4T0",17568878.634,"AGTTATGC","AGTTATGC",1,"p","NG-20110_2019_0016_lib334815_6442_2_1.fastq.gz,NG-20110_2019_0016_lib334815_6442_2_2.fastq.gz","DbMM-10","V5V6","GUT_784F_1064R - 14","FourC",93.212,"DbMM","B4_T0",27.39920245,0,0.64359311,0,1.179891309,2.450430793,0,0,"B4","T0",87844393.17,33510,"B4T0","Firmicutes","Clostridia","Clostridiales","Lachnospiraceae","Coprococcus","Coprococcus_catus",0
"39","Anaerobutyricum soehngenii","B3T96",17124535.944119,"CTAGGAGA","CTAGGAGA",1,"p","NG-20110_2019_0016_lib334815_6442_2_1.fastq.gz,NG-20110_2019_0016_lib334815_6442_2_2.fastq.gz","DbMM-10","V5V6","GUT_784F_1064R - 29","FourC",103.734,"DbMM","B3_T96",21.93345407,27.54389753,3.740875716,0,0,9.20549788,2.368855865,7.5682296,"B3","T96",9499836315,115261,"B3T96","Firmicutes","Clostridia","Clostridiales","Eubacteriaceae","Anaerobutyricum","Anaerobutyricum_soehngenii",96
"150","Faecalibacterium prausnitzii","B4T0",13176658.9755,"AGTTATGC","AGTTATGC",1,"p","NG-20110_2019_0016_lib334815_6442_2_1.fastq.gz,NG-20110_2019_0016_lib334815_6442_2_2.fastq.gz","DbMM-10","V5V6","GUT_784F_1064R - 14","FourC",93.212,"DbMM","B4_T0",27.39920245,0,0.64359311,0,1.179891309,2.450430793,0,0,"B4","T0",87844393.17,33510,"B4T0","Firmicutes","Clostridia","Clostridiales","Ruminococcaceae","Faecalibacterium","Faecalibacterium_prausnitzii",0
"203","Subdoligranulum variabile","B2T24",12845870.1087144,"ATGCCGGA","ATGCCGGA",1,"p","NG-20110_2019_0016_lib334815_6442_2_1.fastq.gz,NG-20110_2019_0016_lib334815_6442_2_2.fastq.gz","DbMM-10","V5V6","GUT_784F_1064R - 16","FourC",95.378,"DbMM","B2_T24",26.27502349,16.77507458,3.428240583,0,3.470297759,4.665329817,1.756421093,4.597960977,"B2","T24",14888363456,11366,"B2T24","Firmicutes","Clostridia","Clostridiales","Ruminococcaceae","Subdoligranulum","Subdoligranulum_variabile",24
"31","Anaerobutyricum soehngenii","B2T72",12845347.0381786,"CCATTATG","CCATTATG",1,"p","NG-20110_2019_0016_lib334815_6442_2_1.fastq.gz,NG-20110_2019_0016_lib334815_6442_2_2.fastq.gz","DbMM-10","V5V6","GUT_784F_1064R - 24","FourC",19.595,"DbMM","B2_T72",25.78571083,25.01975492,4.328292932,0,0,10.24123424,2.026290552,6.030626644,"B2","T72",12224488598,42151,"B2T72","Firmicutes","Clostridia","Clostridiales","Eubacteriaceae","Anaerobutyricum","Anaerobutyricum_soehngenii",72
"210","Subdoligranulum variabile","B1T24",12844050.2258065,"ATATCCGC","ATATCCGC",1,"p","NG-20110_2019_0016_lib334815_6442_2_1.fastq.gz,NG-20110_2019_0016_lib334815_6442_2_2.fastq.gz","DbMM-10","V5V6","GUT_784F_1064R - 15","FourC",92.958,"DbMM","B1_T24",27.06585287,16.61526127,4.701462225,0,4.902289542,4.336492395,1.816739597,4.755862819,"B1","T24",12343132267,60151,"B1T24","Firmicutes","Clostridia","Clostridiales","Ruminococcaceae","Subdoligranulum","Subdoligranulum_variabile",24
"111","Eubacterium siraeum","B2T0",10430339.645,"AGGTTATG","AGGTTATG",1,"p","NG-20110_2019_0016_lib334815_6442_2_1.fastq.gz,NG-20110_2019_0016_lib334815_6442_2_2.fastq.gz","DbMM-10","V5V6","GUT_784F_1064R - 12","FourC",6.502,"DbMM","B2_T0",27.64607865,0,0.320134737,0,1.115766125,2.494372781,0,0,"B2","T0",20860679.29,16321,"B2T0","Firmicutes","Clostridia","Clostridiales","Eubacteriaceae","Eubacterium","Eubacterium_siraeum",0
"130","Eubacterium siraeum","B3T0",9239632.484,"AGTCGCGC","AGTCGCGC",1,"p","NG-20110_2019_0016_lib334815_6442_2_1.fastq.gz,NG-20110_2019_0016_lib334815_6442_2_2.fastq.gz","DbMM-10","V5V6","GUT_784F_1064R - 13","FourC",7.296,"DbMM","B3_T0",27.70512832,0,0.331749445,0,1.078686962,2.445622105,0,0,"B3","T0",23099081.21,17121,"B3T0","Firmicutes","Clostridia","Clostridiales","Eubacteriaceae","Eubacterium","Eubacterium_siraeum",0
"86","Bacteroides xylanisolvens","B4T0",8784439.317,"AGTTATGC","AGTTATGC",1,"p","NG-20110_2019_0016_lib334815_6442_2_1.fastq.gz,NG-20110_2019_0016_lib334815_6442_2_2.fastq.gz","DbMM-10","V5V6","GUT_784F_1064R - 14","FourC",93.212,"DbMM","B4_T0",27.39920245,0,0.64359311,0,1.179891309,2.450430793,0,0,"B4","T0",87844393.17,33510,"B4T0","Bacteroidetes","Bacteroidia","Bacteroidales","Bacteroidaceae","Bacteroides","Bacteroides_xylanisolvens",0
"171","Flavonifractor plautii","B4T0",8784439.317,"AGTTATGC","AGTTATGC",1,"p","NG-20110_2019_0016_lib334815_6442_2_1.fastq.gz,NG-20110_2019_0016_lib334815_6442_2_2.fastq.gz","DbMM-10","V5V6","GUT_784F_1064R - 14","FourC",93.212,"DbMM","B4_T0",27.39920245,0,0.64359311,0,1.179891309,2.450430793,0,0,"B4","T0",87844393.17,33510,"B4T0","Firmicutes","Clostridia","Clostridiales","Lachnospiraceae","Flavonifractor","Lachnospiraceae_bacterium 7_1_58FAA",0
"30","Anaerobutyricum soehngenii","B1T96",8563719.45776173,"CGCAAGCT","CGCAAGCT",1,"p","NG-20110_2019_0016_lib334815_6442_2_1.fastq.gz,NG-20110_2019_0016_lib334815_6442_2_2.fastq.gz","DbMM-10","V5V6","GUT_784F_1064R - 27","FourC",88.485,"DbMM","B1_T96",25.22395254,24.60750205,4.191868346,0,0,11.28024586,2.324445079,7.426342106,"B1","T96",11860751449,36628,"B1T96","Firmicutes","Clostridia","Clostridiales","Eubacteriaceae","Anaerobutyricum","Anaerobutyricum_soehngenii",96
"23","Anaerobutyricum soehngenii","B1T48",8563422.72759986,"CAACGAGG","CAACGAGG",1,"p","NG-20110_2019_0016_lib334815_6442_2_1.fastq.gz,NG-20110_2019_0016_lib334815_6442_2_2.fastq.gz","DbMM-10","V5V6","GUT_784F_1064R - 19","FourC",113.547,"DbMM","B1_T48",25.9164472,21.16638018,4.060683936,0,0,9.330743519,2.215862838,6.172319884,"B1","T48",11898875880,68571,"B1T48","Firmicutes","Clostridia","Clostridiales","Eubacteriaceae","Anaerobutyricum","Anaerobutyricum_soehngenii",48
"26","Anaerobutyricum soehngenii","B1T24",8562700.15053763,"ATATCCGC","ATATCCGC",1,"p","NG-20110_2019_0016_lib334815_6442_2_1.fastq.gz,NG-20110_2019_0016_lib334815_6442_2_2.fastq.gz","DbMM-10","V5V6","GUT_784F_1064R - 15","FourC",92.958,"DbMM","B1_T24",27.06585287,16.61526127,4.701462225,0,4.902289542,4.336492395,1.816739597,4.755862819,"B1","T24",12343132267,60151,"B1T24","Firmicutes","Clostridia","Clostridiales","Eubacteriaceae","Anaerobutyricum","Anaerobutyricum_soehngenii",24
"24","Anaerobutyricum soehngenii","B1T72",8562612.39592431,"CCATGCGC","CCATGCGC",1,"p","NG-20110_2019_0016_lib334815_6442_2_1.fastq.gz,NG-20110_2019_0016_lib334815_6442_2_2.fastq.gz","DbMM-10","V5V6","GUT_784F_1064R - 23","FourC",6.471,"DbMM","B1_T72",25.52257493,23.90605535,4.191490449,0,0,11.00289343,2.345469048,6.980562644,"B1","T72",11765029432,36449,"B1T72","Firmicutes","Clostridia","Clostridiales","Eubacteriaceae","Anaerobutyricum","Anaerobutyricum_soehngenii",72
"136","Faecalibacterium prausnitzii","B2T0",5215169.8225,"AGGTTATG","AGGTTATG",1,"p","NG-20110_2019_0016_lib334815_6442_2_1.fastq.gz,NG-20110_2019_0016_lib334815_6442_2_2.fastq.gz","DbMM-10","V5V6","GUT_784F_1064R - 12","FourC",6.502,"DbMM","B2_T0",27.64607865,0,0.320134737,0,1.115766125,2.494372781,0,0,"B2","T0",20860679.29,16321,"B2T0","Firmicutes","Clostridia","Clostridiales","Ruminococcaceae","Faecalibacterium","Faecalibacterium_prausnitzii",0
"199","Subdoligranulum variabile","B2T0",5215169.8225,"AGGTTATG","AGGTTATG",1,"p","NG-20110_2019_0016_lib334815_6442_2_1.fastq.gz,NG-20110_2019_0016_lib334815_6442_2_2.fastq.gz","DbMM-10","V5V6","GUT_784F_1064R - 12","FourC",6.502,"DbMM","B2_T0",27.64607865,0,0.320134737,0,1.115766125,2.494372781,0,0,"B2","T0",20860679.29,16321,"B2T0","Firmicutes","Clostridia","Clostridiales","Ruminococcaceae","Subdoligranulum","Subdoligranulum_variabile",0
"147","Faecalibacterium prausnitzii","B3T0",4619816.242,"AGTCGCGC","AGTCGCGC",1,"p","NG-20110_2019_0016_lib334815_6442_2_1.fastq.gz,NG-20110_2019_0016_lib334815_6442_2_2.fastq.gz","DbMM-10","V5V6","GUT_784F_1064R - 13","FourC",7.296,"DbMM","B3_T0",27.70512832,0,0.331749445,0,1.078686962,2.445622105,0,0,"B3","T0",23099081.21,17121,"B3T0","Firmicutes","Clostridia","Clostridiales","Ruminococcaceae","Faecalibacterium","Faecalibacterium_prausnitzii",0
"160","Flavonifractor plautii","B3T0",4619816.242,"AGTCGCGC","AGTCGCGC",1,"p","NG-20110_2019_0016_lib334815_6442_2_1.fastq.gz,NG-20110_2019_0016_lib334815_6442_2_2.fastq.gz","DbMM-10","V5V6","GUT_784F_1064R - 13","FourC",7.296,"DbMM","B3_T0",27.70512832,0,0.331749445,0,1.078686962,2.445622105,0,0,"B3","T0",23099081.21,17121,"B3T0","Firmicutes","Clostridia","Clostridiales","Lachnospiraceae","Flavonifractor","Lachnospiraceae_bacterium 7_1_58FAA",0
"209","Subdoligranulum variabile","B3T0",4619816.242,"AGTCGCGC","AGTCGCGC",1,"p","NG-20110_2019_0016_lib334815_6442_2_1.fastq.gz,NG-20110_2019_0016_lib334815_6442_2_2.fastq.gz","DbMM-10","V5V6","GUT_784F_1064R - 13","FourC",7.296,"DbMM","B3_T0",27.70512832,0,0.331749445,0,1.078686962,2.445622105,0,0,"B3","T0",23099081.21,17121,"B3T0","Firmicutes","Clostridia","Clostridiales","Ruminococcaceae","Subdoligranulum","Subdoligranulum_variabile",0
"17","Agathobacter rectalis","B4T0",4392219.6585,"AGTTATGC","AGTTATGC",1,"p","NG-20110_2019_0016_lib334815_6442_2_1.fastq.gz,NG-20110_2019_0016_lib334815_6442_2_2.fastq.gz","DbMM-10","V5V6","GUT_784F_1064R - 14","FourC",93.212,"DbMM","B4_T0",27.39920245,0,0.64359311,0,1.179891309,2.450430793,0,0,"B4","T0",87844393.17,33510,"B4T0","Firmicutes","Clostridia","Clostridiales","Eubacteriaceae","Agathobacter","Agathobacter_rectalis",0
"63","Bacteroides ovatus","B4T0",4392219.6585,"AGTTATGC","AGTTATGC",1,"p","NG-20110_2019_0016_lib334815_6442_2_1.fastq.gz,NG-20110_2019_0016_lib334815_6442_2_2.fastq.gz","DbMM-10","V5V6","GUT_784F_1064R - 14","FourC",93.212,"DbMM","B4_T0",27.39920245,0,0.64359311,0,1.179891309,2.450430793,0,0,"B4","T0",87844393.17,33510,"B4T0","Bacteroidetes","Bacteroidia","Bacteroidales","Bacteroidaceae","Bacteroides","Bacteroides_ovatus",0
"188","Roseburia intestinalis","B4T0",4392219.6585,"AGTTATGC","AGTTATGC",1,"p","NG-20110_2019_0016_lib334815_6442_2_1.fastq.gz,NG-20110_2019_0016_lib334815_6442_2_2.fastq.gz","DbMM-10","V5V6","GUT_784F_1064R - 14","FourC",93.212,"DbMM","B4_T0",27.39920245,0,0.64359311,0,1.179891309,2.450430793,0,0,"B4","T0",87844393.17,33510,"B4T0","Firmicutes","Clostridia","Clostridiales","Lachnospiraceae","Roseburia","Roseburia_intestinalis",0
"47","Bacteroides ovatus","B1T0",4341758.794,"AGGTCGAA","AGGTCGAA",1,"p","NG-20110_2019_0016_lib334815_6442_2_1.fastq.gz,NG-20110_2019_0016_lib334815_6442_2_2.fastq.gz","DbMM-10","V5V6","GUT_784F_1064R - 11","FourC",11.491,"DbMM","B1_T0",28.735409,0,0.857358652,0,1.378493175,2.576809639,0,0,"B1","T0",21708793.97,25016,"B1T0","Bacteroidetes","Bacteroidia","Bacteroidales","Bacteroidaceae","Bacteroides","Bacteroides_ovatus",0
"121","Eubacterium siraeum","B1T0",4341758.794,"AGGTCGAA","AGGTCGAA",1,"p","NG-20110_2019_0016_lib334815_6442_2_1.fastq.gz,NG-20110_2019_0016_lib334815_6442_2_2.fastq.gz","DbMM-10","V5V6","GUT_784F_1064R - 11","FourC",11.491,"DbMM","B1_T0",28.735409,0,0.857358652,0,1.378493175,2.576809639,0,0,"B1","T0",21708793.97,25016,"B1T0","Firmicutes","Clostridia","Clostridiales","Eubacteriaceae","Eubacterium","Eubacterium_siraeum",0
"138","Faecalibacterium prausnitzii","B1T0",4341758.794,"AGGTCGAA","AGGTCGAA",1,"p","NG-20110_2019_0016_lib334815_6442_2_1.fastq.gz,NG-20110_2019_0016_lib334815_6442_2_2.fastq.gz","DbMM-10","V5V6","GUT_784F_1064R - 11","FourC",11.491,"DbMM","B1_T0",28.735409,0,0.857358652,0,1.378493175,2.576809639,0,0,"B1","T0",21708793.97,25016,"B1T0","Firmicutes","Clostridia","Clostridiales","Ruminococcaceae","Faecalibacterium","Faecalibacterium_prausnitzii",0
"181","Roseburia intestinalis","B1T0",4341758.794,"AGGTCGAA","AGGTCGAA",1,"p","NG-20110_2019_0016_lib334815_6442_2_1.fastq.gz,NG-20110_2019_0016_lib334815_6442_2_2.fastq.gz","DbMM-10","V5V6","GUT_784F_1064R - 11","FourC",11.491,"DbMM","B1_T0",28.735409,0,0.857358652,0,1.378493175,2.576809639,0,0,"B1","T0",21708793.97,25016,"B1T0","Firmicutes","Clostridia","Clostridiales","Lachnospiraceae","Roseburia","Roseburia_intestinalis",0
"213","Subdoligranulum variabile","B1T0",4341758.794,"AGGTCGAA","AGGTCGAA",1,"p","NG-20110_2019_0016_lib334815_6442_2_1.fastq.gz,NG-20110_2019_0016_lib334815_6442_2_2.fastq.gz","DbMM-10","V5V6","GUT_784F_1064R - 11","FourC",11.491,"DbMM","B1_T0",28.735409,0,0.857358652,0,1.378493175,2.576809639,0,0,"B1","T0",21708793.97,25016,"B1T0","Firmicutes","Clostridia","Clostridiales","Ruminococcaceae","Subdoligranulum","Subdoligranulum_variabile",0
"1","Agathobacter rectalis","B1T0",0,"AGGTCGAA","AGGTCGAA",1,"p","NG-20110_2019_0016_lib334815_6442_2_1.fastq.gz,NG-20110_2019_0016_lib334815_6442_2_2.fastq.gz","DbMM-10","V5V6","GUT_784F_1064R - 11","FourC",11.491,"DbMM","B1_T0",28.735409,0,0.857358652,0,1.378493175,2.576809639,0,0,"B1","T0",21708793.97,25016,"B1T0","Firmicutes","Clostridia","Clostridiales","Eubacteriaceae","Agathobacter","Agathobacter_rectalis",0
"10","Agathobacter rectalis","B3T0",0,"AGTCGCGC","AGTCGCGC",1,"p","NG-20110_2019_0016_lib334815_6442_2_1.fastq.gz,NG-20110_2019_0016_lib334815_6442_2_2.fastq.gz","DbMM-10","V5V6","GUT_784F_1064R - 13","FourC",7.296,"DbMM","B3_T0",27.70512832,0,0.331749445,0,1.078686962,2.445622105,0,0,"B3","T0",23099081.21,17121,"B3T0","Firmicutes","Clostridia","Clostridiales","Eubacteriaceae","Agathobacter","Agathobacter_rectalis",0
"12","Agathobacter rectalis","B2T0",0,"AGGTTATG","AGGTTATG",1,"p","NG-20110_2019_0016_lib334815_6442_2_1.fastq.gz,NG-20110_2019_0016_lib334815_6442_2_2.fastq.gz","DbMM-10","V5V6","GUT_784F_1064R - 12","FourC",6.502,"DbMM","B2_T0",27.64607865,0,0.320134737,0,1.115766125,2.494372781,0,0,"B2","T0",20860679.29,16321,"B2T0","Firmicutes","Clostridia","Clostridiales","Eubacteriaceae","Agathobacter","Agathobacter_rectalis",0
"27","Anaerobutyricum soehngenii","B2T0",0,"AGGTTATG","AGGTTATG",1,"p","NG-20110_2019_0016_lib334815_6442_2_1.fastq.gz,NG-20110_2019_0016_lib334815_6442_2_2.fastq.gz","DbMM-10","V5V6","GUT_784F_1064R - 12","FourC",6.502,"DbMM","B2_T0",27.64607865,0,0.320134737,0,1.115766125,2.494372781,0,0,"B2","T0",20860679.29,16321,"B2T0","Firmicutes","Clostridia","Clostridiales","Eubacteriaceae","Anaerobutyricum","Anaerobutyricum_soehngenii",0
"29","Anaerobutyricum soehngenii","B1T0",0,"AGGTCGAA","AGGTCGAA",1,"p","NG-20110_2019_0016_lib334815_6442_2_1.fastq.gz,NG-20110_2019_0016_lib334815_6442_2_2.fastq.gz","DbMM-10","V5V6","GUT_784F_1064R - 11","FourC",11.491,"DbMM","B1_T0",28.735409,0,0.857358652,0,1.378493175,2.576809639,0,0,"B1","T0",21708793.97,25016,"B1T0","Firmicutes","Clostridia","Clostridiales","Eubacteriaceae","Anaerobutyricum","Anaerobutyricum_soehngenii",0
"36","Anaerobutyricum soehngenii","B4T0",0,"AGTTATGC","AGTTATGC",1,"p","NG-20110_2019_0016_lib334815_6442_2_1.fastq.gz,NG-20110_2019_0016_lib334815_6442_2_2.fastq.gz","DbMM-10","V5V6","GUT_784F_1064R - 14","FourC",93.212,"DbMM","B4_T0",27.39920245,0,0.64359311,0,1.179891309,2.450430793,0,0,"B4","T0",87844393.17,33510,"B4T0","Firmicutes","Clostridia","Clostridiales","Eubacteriaceae","Anaerobutyricum","Anaerobutyricum_soehngenii",0
"38","Anaerobutyricum soehngenii","B3T0",0,"AGTCGCGC","AGTCGCGC",1,"p","NG-20110_2019_0016_lib334815_6442_2_1.fastq.gz,NG-20110_2019_0016_lib334815_6442_2_2.fastq.gz","DbMM-10","V5V6","GUT_784F_1064R - 13","FourC",7.296,"DbMM","B3_T0",27.70512832,0,0.331749445,0,1.078686962,2.445622105,0,0,"B3","T0",23099081.21,17121,"B3T0","Firmicutes","Clostridia","Clostridiales","Eubacteriaceae","Anaerobutyricum","Anaerobutyricum_soehngenii",0
"46","Bacteroides ovatus","B2T0",0,"AGGTTATG","AGGTTATG",1,"p","NG-20110_2019_0016_lib334815_6442_2_1.fastq.gz,NG-20110_2019_0016_lib334815_6442_2_2.fastq.gz","DbMM-10","V5V6","GUT_784F_1064R - 12","FourC",6.502,"DbMM","B2_T0",27.64607865,0,0.320134737,0,1.115766125,2.494372781,0,0,"B2","T0",20860679.29,16321,"B2T0","Bacteroidetes","Bacteroidia","Bacteroidales","Bacteroidaceae","Bacteroides","Bacteroides_ovatus",0
"56","Bacteroides ovatus","B3T0",0,"AGTCGCGC","AGTCGCGC",1,"p","NG-20110_2019_0016_lib334815_6442_2_1.fastq.gz,NG-20110_2019_0016_lib334815_6442_2_2.fastq.gz","DbMM-10","V5V6","GUT_784F_1064R - 13","FourC",7.296,"DbMM","B3_T0",27.70512832,0,0.331749445,0,1.078686962,2.445622105,0,0,"B3","T0",23099081.21,17121,"B3T0","Bacteroidetes","Bacteroidia","Bacteroidales","Bacteroidaceae","Bacteroides","Bacteroides_ovatus",0
"70","Bacteroides xylanisolvens","B3T0",0,"AGTCGCGC","AGTCGCGC",1,"p","NG-20110_2019_0016_lib334815_6442_2_1.fastq.gz,NG-20110_2019_0016_lib334815_6442_2_2.fastq.gz","DbMM-10","V5V6","GUT_784F_1064R - 13","FourC",7.296,"DbMM","B3_T0",27.70512832,0,0.331749445,0,1.078686962,2.445622105,0,0,"B3","T0",23099081.21,17121,"B3T0","Bacteroidetes","Bacteroidia","Bacteroidales","Bacteroidaceae","Bacteroides","Bacteroides_xylanisolvens",0
"72","Bacteroides xylanisolvens","B2T0",0,"AGGTTATG","AGGTTATG",1,"p","NG-20110_2019_0016_lib334815_6442_2_1.fastq.gz,NG-20110_2019_0016_lib334815_6442_2_2.fastq.gz","DbMM-10","V5V6","GUT_784F_1064R - 12","FourC",6.502,"DbMM","B2_T0",27.64607865,0,0.320134737,0,1.115766125,2.494372781,0,0,"B2","T0",20860679.29,16321,"B2T0","Bacteroidetes","Bacteroidia","Bacteroidales","Bacteroidaceae","Bacteroides","Bacteroides_xylanisolvens",0
"74","Bacteroides xylanisolvens","B1T0",0,"AGGTCGAA","AGGTCGAA",1,"p","NG-20110_2019_0016_lib334815_6442_2_1.fastq.gz,NG-20110_2019_0016_lib334815_6442_2_2.fastq.gz","DbMM-10","V5V6","GUT_784F_1064R - 11","FourC",11.491,"DbMM","B1_T0",28.735409,0,0.857358652,0,1.378493175,2.576809639,0,0,"B1","T0",21708793.97,25016,"B1T0","Bacteroidetes","Bacteroidia","Bacteroidales","Bacteroidaceae","Bacteroides","Bacteroides_xylanisolvens",0
"90","Coprococcus catus","B2T0",0,"AGGTTATG","AGGTTATG",1,"p","NG-20110_2019_0016_lib334815_6442_2_1.fastq.gz,NG-20110_2019_0016_lib334815_6442_2_2.fastq.gz","DbMM-10","V5V6","GUT_784F_1064R - 12","FourC",6.502,"DbMM","B2_T0",27.64607865,0,0.320134737,0,1.115766125,2.494372781,0,0,"B2","T0",20860679.29,16321,"B2T0","Firmicutes","Clostridia","Clostridiales","Lachnospiraceae","Coprococcus","Coprococcus_catus",0
"97","Coprococcus catus","B3T0",0,"AGTCGCGC","AGTCGCGC",1,"p","NG-20110_2019_0016_lib334815_6442_2_1.fastq.gz,NG-20110_2019_0016_lib334815_6442_2_2.fastq.gz","DbMM-10","V5V6","GUT_784F_1064R - 13","FourC",7.296,"DbMM","B3_T0",27.70512832,0,0.331749445,0,1.078686962,2.445622105,0,0,"B3","T0",23099081.21,17121,"B3T0","Firmicutes","Clostridia","Clostridiales","Lachnospiraceae","Coprococcus","Coprococcus_catus",0
"101","Coprococcus catus","B1T0",0,"AGGTCGAA","AGGTCGAA",1,"p","NG-20110_2019_0016_lib334815_6442_2_1.fastq.gz,NG-20110_2019_0016_lib334815_6442_2_2.fastq.gz","DbMM-10","V5V6","GUT_784F_1064R - 11","FourC",11.491,"DbMM","B1_T0",28.735409,0,0.857358652,0,1.378493175,2.576809639,0,0,"B1","T0",21708793.97,25016,"B1T0","Firmicutes","Clostridia","Clostridiales","Lachnospiraceae","Coprococcus","Coprococcus_catus",0
"162","Flavonifractor plautii","B2T0",0,"AGGTTATG","AGGTTATG",1,"p","NG-20110_2019_0016_lib334815_6442_2_1.fastq.gz,NG-20110_2019_0016_lib334815_6442_2_2.fastq.gz","DbMM-10","V5V6","GUT_784F_1064R - 12","FourC",6.502,"DbMM","B2_T0",27.64607865,0,0.320134737,0,1.115766125,2.494372781,0,0,"B2","T0",20860679.29,16321,"B2T0","Firmicutes","Clostridia","Clostridiales","Lachnospiraceae","Flavonifractor","Lachnospiraceae_bacterium 7_1_58FAA",0
"164","Flavonifractor plautii","B1T0",0,"AGGTCGAA","AGGTCGAA",1,"p","NG-20110_2019_0016_lib334815_6442_2_1.fastq.gz,NG-20110_2019_0016_lib334815_6442_2_2.fastq.gz","DbMM-10","V5V6","GUT_784F_1064R - 11","FourC",11.491,"DbMM","B1_T0",28.735409,0,0.857358652,0,1.378493175,2.576809639,0,0,"B1","T0",21708793.97,25016,"B1T0","Firmicutes","Clostridia","Clostridiales","Lachnospiraceae","Flavonifractor","Lachnospiraceae_bacterium 7_1_58FAA",0
"179","Roseburia intestinalis","B2T0",0,"AGGTTATG","AGGTTATG",1,"p","NG-20110_2019_0016_lib334815_6442_2_1.fastq.gz,NG-20110_2019_0016_lib334815_6442_2_2.fastq.gz","DbMM-10","V5V6","GUT_784F_1064R - 12","FourC",6.502,"DbMM","B2_T0",27.64607865,0,0.320134737,0,1.115766125,2.494372781,0,0,"B2","T0",20860679.29,16321,"B2T0","Firmicutes","Clostridia","Clostridiales","Lachnospiraceae","Roseburia","Roseburia_intestinalis",0
"190","Roseburia intestinalis","B3T0",0,"AGTCGCGC","AGTCGCGC",1,"p","NG-20110_2019_0016_lib334815_6442_2_1.fastq.gz,NG-20110_2019_0016_lib334815_6442_2_2.fastq.gz","DbMM-10","V5V6","GUT_784F_1064R - 13","FourC",7.296,"DbMM","B3_T0",27.70512832,0,0.331749445,0,1.078686962,2.445622105,0,0,"B3","T0",23099081.21,17121,"B3T0","Firmicutes","Clostridia","Clostridiales","Lachnospiraceae","Roseburia","Roseburia_intestinalis",0
"220","Subdoligranulum variabile","B4T0",0,"AGTTATGC","AGTTATGC",1,"p","NG-20110_2019_0016_lib334815_6442_2_1.fastq.gz,NG-20110_2019_0016_lib334815_6442_2_2.fastq.gz","DbMM-10","V5V6","GUT_784F_1064R - 14","FourC",93.212,"DbMM","B4_T0",27.39920245,0,0.64359311,0,1.179891309,2.450430793,0,0,"B4","T0",87844393.17,33510,"B4T0","Firmicutes","Clostridia","Clostridiales","Ruminococcaceae","Subdoligranulum","Subdoligranulum_variabile",0
